Num_control_nodes,sub-010163,sub-010164,sub-010165,sub-010166,sub-010167,sub-010168,sub-010169,sub-010170,sub-010171,sub-010172,sub-010173,sub-010174,sub-010175,sub-010176,sub-010177,sub-010178,sub-010179,sub-010180,sub-010181,sub-010182,sub-010183,sub-010184,sub-010185,sub-010186,sub-010187,sub-010188,sub-010189,sub-010190,sub-010191,sub-010192,sub-010193,sub-010194,sub-010195,sub-010196,sub-010197,sub-010198,sub-010199,sub-010200,sub-010205,sub-010206,sub-010209,sub-010211,sub-010219,sub-010221,sub-010222,sub-010223,sub-010234,sub-010235,sub-010239,sub-010242,sub-010243,sub-010244,sub-010246,sub-010247,sub-010249,sub-010250,sub-010251,sub-010254,sub-010255,sub-010256,sub-010257,sub-010258,sub-010259,sub-010266,sub-010267,sub-010268,sub-010275,sub-010276,sub-010277,sub-010278,sub-010279,sub-010280,sub-010284,sub-010285,sub-010286,sub-010291
69,24.481364245076623,27.973749517885746,14.340868433961644,23.23540123565454,51.91648831619337,41.41512883341698,31.81965022152073,30.73159117028561,30.14365512905428,14.970912633335516,44.75206751241026,25.30900268621884,26.124624081560228,52.58928353207617,21.759949499903907,20.588245686046214,16.59580852771504,54.43288526165201,35.53461271824487,18.421843348524437,30.50951186231747,16.394966891351864,30.13460320063591,32.87846947800898,67.91781198883534,30.514507324532275,41.14602522598605,29.01330098984478,55.21030399703616,28.8689658929013,58.21680488383352,12.410168723638163,47.44051377754917,15.173132038420313,62.953653557905994,60.8299373797482,14.477196908398538,56.197838812773526,55.00775620383837,25.657877662553823,36.43509222978869,53.69815857915645,19.80175528870623,45.114580345461206,32.872883832039285,37.314250438851815,40.01586487688647,23.793097220364224,14.64181900689283,31.783889189664315,10.799708642697967,26.340367022143123,87.88726680866333,38.98231972387981,19.624661328567814,40.753665390569594,26.007135503804804,54.96636476672499,52.12288523074658,19.76423045901175,82.52739653669173,15.130818757465818,64.10789631157816,48.19339210546861,117.60458710344554,43.62623847172388,33.739569290059116,23.348228927878377,35.04032691770876,17.14448143147172,15.949944075778447,35.08669543495947,56.264730587381614,51.254401348535296,23.804241423706983,57.82481546055361
68,24.67935574116277,28.001573187624906,14.347216104891558,23.859008167904015,53.33130829196513,41.44748856801538,31.91942560838237,30.74611317341955,30.16570686954371,15.08562193931279,44.963939608799436,25.45855934877852,26.21642831795753,52.76843564400425,21.79712755260699,20.82896201106803,17.051910868774293,54.513832824695996,35.77923021216919,18.525199847260428,30.760838193458497,16.446293446711394,30.15403340342485,33.134726747226104,67.98813355722014,31.123833807542646,41.14752309807307,29.050513633817417,55.38074985435474,28.87569251124181,58.238291433239425,12.460097873785791,47.53057527971973,15.422272842291038,64.72525082502888,61.21367083674417,14.490193569630232,57.93045477683741,55.069389930911385,25.848005057842553,36.478251232782306,53.928850150499215,19.82777977777381,45.1832857937878,33.111078590774376,37.31946426751888,40.157898335691584,23.859537357916558,14.68591313971981,31.871680759032344,10.81848870134388,26.485158792865683,88.71140354438594,38.99959367788374,19.629768570142165,40.85036421524687,26.037679299018887,55.02404156248239,52.226073159671486,19.781214094360216,83.10321724447432,15.35656319933529,64.20521291459112,48.288115055412035,117.67903964971704,43.62750309675401,33.826749372645686,23.34976840003915,35.049055039099834,17.171299210872593,15.979095315919073,35.14829535628642,56.42245884075293,51.29107773454889,23.856596546964063,60.98533239679312
67,24.741399855943715,28.2617856198729,14.416446065598809,23.965829443862365,53.7131993730506,41.4638558519413,31.931905127345633,30.76507667821599,30.18783223427507,15.121154792316315,46.69629527908084,26.300780490248158,26.2257914038704,53.58367215466814,21.835217268196526,20.863576559981205,17.145485811756778,54.60151708078617,35.91331668025858,18.7411897826055,30.818961346982235,16.522403908641902,30.596894870834742,33.4070469026656,68.11918071138857,31.258165949174835,41.155328033731976,29.436103952920394,55.52048857420976,28.893707680746218,58.779376915338645,12.466558406276782,48.0657440370622,15.462358049834057,65.79783663055179,61.236910101272365,14.71864622658652,57.954918970852574,55.78393709251382,25.862265458040202,36.48759459410979,54.33880114247946,19.986548339078954,45.39736867239332,33.27004191350216,37.321475713675675,40.207086286844515,23.87472737446855,14.76710026926955,31.909524357396275,10.823843171183741,26.56090550739415,89.02447940220824,39.037728005407025,19.6546132035921,40.87853690095833,26.934281786357865,55.802642128077565,53.18539892919314,19.78462042324337,84.40648551097256,15.48733200878148,64.46152089721302,48.540541603981985,117.85361686241902,43.64346400278609,33.8971059636832,23.793569336192157,35.06421701570733,17.225660279879015,15.994647699810542,35.374015318875934,56.92157722200603,51.988174596961954,23.931279906394362,61.01892674654064
66,25.05282938080749,28.32824662017391,14.43550203226833,24.101364498758993,53.8363107151681,41.48484506169175,32.345621739307404,31.345308422504253,30.33054257140138,15.262860882671712,47.0300090386962,26.386802753264767,26.228035648508662,55.090498276424434,21.914141685905854,20.867783635151646,17.175039673633787,54.94774293240879,35.9314895528726,19.060619340265177,30.871275599582784,16.546460197294362,30.65936982249427,33.45159479908113,68.24758969791023,31.503840574758588,41.212206305891684,29.44777813203836,55.642330275394926,28.952016925049787,58.803015228184755,12.492027155867394,48.957875179524024,15.775170909620057,66.37854074568354,61.25364939255363,14.813288181147056,57.96018970588969,55.81512064283844,26.53369594716733,36.49618162813538,54.4655609290781,20.021932544896583,49.07500335548078,33.62682246451672,37.485364336947455,40.26228887796632,23.88504491367657,14.857713282188334,32.18772153583355,10.857073469274042,26.669769536314625,89.08260343736343,39.11116404858719,19.901112741583074,40.90586733186505,27.050874808050036,55.883852352414934,54.64402425707245,19.798838124643027,86.39345499394508,15.64087590611216,64.46313630317411,48.77499229461613,117.93835399829116,43.6458651735511,33.92065791515742,23.79857270634809,35.22548082272693,17.338040694977202,16.060850408787548,35.65969871876134,57.004258362251036,52.04203419141572,24.500608463029135,61.05928784899467
65,25.35757399535744,28.352372825454335,14.851212593865144,24.1513333362131,55.52354106920995,41.54402342136249,32.37985859725415,31.44641782069737,30.398639081449275,15.369917871635646,47.18009990785999,26.491840757266424,26.283196227425655,56.024884986890626,21.958658765948012,21.020975995392632,17.39528871862823,55.63823800798961,36.095352913233164,19.08104006604126,30.981065302543268,16.57613084262299,30.74418637606669,33.513246933656255,68.4556683286783,31.70713124508593,41.32414581322712,29.503334373001472,55.99947359142414,29.049245041926522,59.03344534059467,12.55179412317545,49.13301700506111,15.801599231028714,66.57383784277452,62.26613035681111,14.829028134782863,58.420206342502496,56.34372519865776,27.995313209496093,36.52980868550302,54.69060269063786,20.037481281746597,49.98643033521993,33.87969406193403,37.52222150921325,40.39106536634845,24.036609954125563,15.06793880129444,32.669734644219446,10.867085012703127,26.807800374040017,89.29344401010594,39.18249280348513,20.288176675488124,41.0353007274738,27.57091171726991,56.04723801181242,54.99917531301532,20.104383780235146,86.60144513767769,15.656937754796,64.47410507451377,49.5261673187457,118.0370129246568,43.72093006372988,34.400744358958924,23.825426217865427,35.23354274456823,17.65901711811567,16.07795818314823,35.939721376774074,57.078158013229995,52.19181152379922,24.544362638089805,65.89455490803488
64,25.88518220572617,28.358953266706813,15.004268175203064,24.19584717017956,55.75329868061743,41.81803917811032,33.08397089317855,31.574696596145856,32.19514188005976,15.426795887759832,47.93256257230889,26.575672785697343,26.41198067233275,56.99397426520803,22.01780514088452,21.07535053236069,17.96824301308729,57.47856687022927,36.10892954301675,19.107678668311532,31.06082379451621,16.76254648930791,31.78059379926373,33.626789104459036,68.5708303089226,31.870638911956313,41.61270944992316,29.54938588561075,56.22671970803155,29.081448654068932,59.25332387393081,12.592551429413126,49.38354736176831,15.819564762217762,66.84295583519676,63.62453345042569,14.96608924931217,58.43851782878414,56.396742574935274,28.02251090952774,36.76720554103845,55.07628540844536,20.07553013074702,50.48112158365341,34.14934956769186,37.62614350216853,40.39961791113155,24.235425514997523,15.10620088576834,34.26088495199351,11.006585038499514,26.858557123671723,90.23768990940391,39.91924342007574,20.866840550023483,41.2973536166395,27.597965437300093,56.26710624545309,55.80358776199075,20.110780487172608,86.98806906382102,15.83558036478421,65.35468876707463,49.99014854041818,118.74547276291307,44.40383393694172,34.74414083809257,23.99334782932255,35.254166906329516,17.71615432275324,18.133235981888905,36.077704400158495,57.08444503798742,52.33977680407276,24.66568203227757,65.95710644312436
63,26.02203665205136,28.722872941085775,15.056568776133597,24.366597461338554,55.85438870304554,41.88426401848709,33.10904303109927,31.591460265901244,32.42375432284282,15.678098014514548,48.118765514869544,26.874820091164633,26.447125670703475,57.42388857368605,22.060687484641416,21.198300286504647,18.172007492600795,57.82769069804903,36.23823421694129,19.271361710766634,31.227768167107904,16.857163228127693,31.796987429259257,33.702169201211156,68.82251765314264,32.10681381906221,41.75387876806352,29.725900582830104,56.25579861939442,29.293846611605424,60.17556005364518,12.614044580173635,49.420153531176815,15.855581901739276,66.86437610534554,63.655807837020525,14.990035392060573,58.58821431730481,56.590460517782745,28.096015972680757,37.475847713880206,56.60073916282604,20.10333737447391,51.3424805379512,34.26425969918001,39.200740041314475,40.4819592540857,24.292485499809988,15.229748190600391,34.32799603797297,11.036450658273308,27.539936187711028,91.32971451638257,40.49946105249773,21.137975240396536,41.39794615234414,27.63299400083087,57.03388676066313,55.86462075468156,20.130884683591837,87.26632607311055,15.904340510669783,65.36594666918533,50.17231984549164,120.05411630066303,44.65651103300546,34.92113045702024,24.01475214158339,35.340806894217984,17.77916558459103,18.528063754474093,36.1857449165563,57.9190073667746,52.35672483709325,24.720976131195417,65.97733142304887
62,26.06895361495132,28.74037692380317,15.076139968922478,24.453318523968438,57.021686229786255,41.942170681170325,33.30673804328493,31.60571029742045,32.465571036891276,16.088704125146172,48.18474864482151,27.25889110333264,26.64552652946465,57.501528857885475,22.275300876123886,21.592362203019732,18.205101797824323,58.686454491830666,36.31567561778256,19.292119363893203,31.290929617869164,16.865452282677566,31.972627395962828,33.76977896638869,82.78391613405988,32.314690967626916,42.2930132617753,30.291998972403118,56.52466144753848,29.346488610539712,61.06446288324481,12.706774811836947,49.66867721919478,15.992764975475701,66.89231818114195,65.64915770249353,15.247964811041381,59.092874726490216,57.53931811428446,28.1255052784459,37.59804532446997,56.69004096720725,20.270661275725253,51.68929112806501,34.96433821245094,39.90761675252359,40.564986257670654,24.313183909535326,15.270280365741522,34.347463791757185,11.06460887511317,27.92216977532119,92.25905725938571,40.50939218145178,22.931174045994375,41.955227779260795,27.877880534882195,57.398088048264306,57.08376515655335,20.164739929812324,87.44308532887916,15.91045228469029,65.40623468067359,50.24669167533267,122.4277614128391,44.99472727161389,35.165035316896876,24.140031541016803,35.76751965148495,17.929898582955794,18.62063128903336,37.91750905080529,58.17929782329173,53.800455967133885,24.888397602543108,71.50851002827815
61,26.097358798227525,28.857828889306695,15.09741743657855,24.65681139609383,57.163181097719296,41.99285948622287,33.30901971270904,31.633713735412083,32.547093028877896,16.129918813524956,51.464766127335416,27.9249524610418,27.007965334131928,57.584981001382154,22.919553046279155,22.377131691823934,18.41575059367539,58.71804889489898,36.36283231519234,19.565021507004282,31.342605069328375,16.93232351360853,32.038822545381734,34.03472658276002,82.94160756759445,32.419048180964005,42.580744060214904,30.340087460930707,57.43401764397627,29.532627142826552,61.45464933664456,12.724921831858419,49.80859776833015,16.322241352938427,66.93211288658424,65.66203708628662,15.275356917135095,59.35779420489137,58.0794631804046,28.201869296326826,37.67268893855687,57.973939821534124,20.37552080927763,51.75724829956802,35.25407866007556,40.134964279562055,41.72160332290498,24.377896957971384,15.632439997218505,34.38368337046703,11.094482750390217,29.344603855586588,96.31890522143418,41.01675287915292,22.944031590338682,42.014352946952364,27.987690742602297,57.5437500103267,57.961481291980476,20.18693328850551,87.85329281429257,16.948178197487028,66.64811274852308,50.391108347546236,130.34638613275922,45.05767616132874,35.21304204724997,24.236772570358884,35.86356095540701,18.537848682345327,18.647745356855676,38.00289652063377,58.36122931263219,56.480988936631626,24.975646393094433,71.70727858466357
60,26.454798598964658,29.35207439591552,15.203334248806433,24.6975850339281,57.32802250512636,42.034665146400314,34.2290009710467,31.844997821359996,32.67978143855638,16.257022758517373,51.67995374229242,28.240320963267262,27.269430242143116,57.982508597770284,23.132358436722495,22.592359656552084,18.482967106674266,58.843701488916835,36.57600967405942,20.023270924751365,31.511377617422706,17.04197332028544,32.50666240964596,34.184589271280515,83.2929772294221,32.48323493710327,42.64405344179701,31.09481404207419,57.481775468971826,29.70994206441037,61.528277918516665,12.792972700257474,51.58283282383264,16.500407704348177,67.02518330067363,65.7659397223789,15.325142231622387,59.620857896214034,59.09037854940639,31.357711113088964,37.68690675415074,59.142473926276026,20.525318401793776,51.82868574491689,35.54854396970661,40.15036607924683,41.85877019591169,24.55121210484059,15.687715669309322,35.04050648323802,11.125239173612579,29.45962518465089,97.66555529106844,41.66296585826564,23.0354235100752,42.06688630732143,28.35664383511824,58.207645628757064,58.29745462078349,20.235127830358397,88.17334916316364,17.04606758487045,67.21707436377454,50.40678028766585,130.9405042665785,45.2377122508127,35.24032645294076,24.257282790820856,35.91664591766701,18.67176742629111,18.775638092375114,38.29403650998937,58.499904644640125,56.512660707708214,25.275740404475815,71.7353225732614
59,26.733277459928004,29.559512857495477,15.856678811616765,25.093693296538095,58.515911604462424,42.05399420549034,35.45430882984415,31.886028384916365,32.715887877268045,16.29441090590322,54.089522694609194,28.276642696482057,27.336844555646667,58.09496268175265,23.475113165257987,22.73568126882409,18.515669280371956,59.17732988625182,36.58296414969746,20.061370252508357,32.12464037795271,17.149576606544507,32.551446398705735,34.38212052830093,83.40697282853479,32.9352272411706,43.159840394612324,31.129863214504663,62.03469700722728,30.15391811606319,61.58497256093566,12.834294834876216,52.04377362828058,16.566451911165135,67.2804236747014,65.9498014543311,15.519953765560441,60.72397221683029,63.680742862331044,31.695580761024967,37.90647273818229,59.17688860733709,20.586774335363256,51.84706261744187,36.29202908709845,40.69133856696568,41.99019108946228,24.761312646382084,15.927722462437588,38.35311675684247,11.372311177779409,29.60059474219002,98.34782059082231,41.87143657025471,23.764179415469517,42.247067761933735,28.467233830636456,58.388858266580066,59.438203805872924,20.262754845271566,88.5101613196421,17.189066194420647,67.28051902546507,50.96755681126551,131.77743078114065,45.963959907180495,35.62422752851836,25.11392935904562,36.009157536067605,18.7474083638283,18.802956098084803,38.562030662272676,58.823431392027054,57.30419779929718,25.428695206433776,72.90141048594069
58,26.97268206242646,29.68026973557348,15.971127616879853,25.1219595887167,59.64114381486861,42.696278734774374,35.690494642177846,32.159017543230924,34.51844635997988,16.428363784569175,54.52721580120964,28.521704282675977,28.464227999465816,58.60821755799401,23.580450314288562,22.958710192758993,18.57785919233339,59.638153955419355,36.79707051015313,20.289592957086292,32.22285308218939,17.277015584496407,33.164800494858326,34.41870817038485,83.53218183021318,33.35544083280061,43.75700410137098,31.183771039538918,62.09230910042835,30.601992084352215,61.658147466039814,12.85665292956053,54.14354050153394,16.763657594495005,67.39496070505338,66.09967213692659,15.729262263660726,60.958346298697954,63.76035953820409,32.19309690945876,38.03795965730348,59.26866046849068,20.799560224790508,51.89361595129174,36.57735820996491,40.69260208472235,42.22822500418317,26.35086662412146,16.413571841940264,38.77190082939734,11.407025568488852,29.663813731448368,98.47993521743929,43.96726399174757,24.389805861543714,43.27748160020449,29.080204067800896,58.466023067067574,59.59263730664906,20.30203104856034,88.541677377235,17.199749387013927,67.6233018851973,51.00472307694997,138.77690497711384,45.982315661373114,35.92620373742777,25.60042412135831,36.069671228266444,18.966884079703156,18.956541645952928,38.822174375891414,59.04738661446077,57.58274156328394,25.561317257676727,72.97586270553883
57,27.091834558057048,29.716414688793346,16.007667299233624,25.169882322093194,60.55536445490519,43.03422735992747,35.94279921508223,32.20028989676402,34.61028973374515,16.655060196961024,55.175829358792356,28.681265715908825,28.501134349872164,58.61889038929971,23.639467006250296,23.000849841713823,18.681310394856926,59.91735906559172,37.07542103319824,20.316385122411596,32.4253410524744,17.32587105646535,33.40176234605174,34.46286763716047,83.74346602990829,33.98059152218505,43.85592945241551,31.39147933883095,63.36101520176316,30.85657675351873,61.815448153631785,12.921038176003568,54.503963633684286,16.926406229657022,67.75555141487533,71.7704931852318,15.797026191059544,61.54033951944106,63.794696907662754,32.52157755680774,38.226111712490805,61.168681984218004,20.856723095758607,52.0316626060996,37.35854970618037,40.70473829399875,42.26323897754384,26.37844050000632,16.425330796316356,38.98065970661292,11.418730663538783,29.96787317665704,99.15291622560154,44.323098961156276,24.426952909670245,44.43225708904526,29.212169474544996,58.55258309332732,60.04661775538385,20.34388882790644,89.3022123237215,17.27146078154492,67.83942398345195,53.44722751065212,139.38128277216092,46.05361822244879,35.9954192263302,25.712571894196437,39.23892515772923,21.461896564535607,19.720745857648332,39.15422504011354,59.56139246874962,68.25043802112184,25.576168727349014,77.18253856434423
56,27.229401496505172,30.428944176667347,16.59591247664049,25.4145211174881,60.84347887477379,44.18017737596617,36.14552133364758,32.24085462514103,34.717550074230125,16.79485579430568,55.646849623166055,28.752118474087414,28.53092367741032,59.05624087904565,23.929400371118113,23.148797429008873,18.766617149905,59.946432724498024,37.108505849748425,20.394186677081827,32.5578764103903,17.337289093832975,33.56685219286718,34.732894329052954,85.76543450232849,34.92972011464982,44.296308745822294,31.542318677538773,63.4702980915519,30.99295650352532,62.15977675261085,12.927445731798763,54.76006072498196,17.097007866481036,68.20525138362174,72.01364474965818,15.88234867035382,62.67881526353996,67.72947207315825,33.26806347427018,38.6901105134617,61.325342929655505,20.93694647936153,52.485586833647375,37.99174135854974,41.01257077875107,42.49113769146546,26.540420990142373,16.510242322327493,39.40411364460902,11.460424177000446,30.387914980412187,99.17570723984699,44.61288378355627,25.229506128824536,44.84835714565115,29.446854778642074,59.284059444431925,60.282870095082515,20.44035870410134,89.55917391079348,17.275568836765224,67.87689444476294,54.28819576265869,141.43748381881417,46.09326584024388,36.23213435011422,25.766618421617444,40.2461603692191,21.510624494104817,19.90281388450634,39.18169389812634,60.17334546024698,68.70646792979048,25.645397353969827,77.43377275697641
55,27.458074813316607,30.536788869645665,16.652250678027695,25.425836975557583,61.48462633468425,44.56383301787904,36.42231234486497,32.80676095130253,35.301184267167116,16.999142933589553,55.81136420317527,28.810725772476673,28.673794676837936,59.471206879108436,24.013419288648166,23.40299112465448,18.864619888407542,60.103743540530786,37.722306469901795,20.827432165498635,32.64277784404245,17.492634260525595,35.391407352050514,36.37054795509095,87.68310673362662,35.39488089069145,46.852324389481595,32.23881643847272,63.597584266212955,31.160540813029588,62.51284710122343,13.00951633791104,55.42935795000578,17.635744657434202,68.61130980933636,72.11247214880183,15.987202364431205,62.78608582843353,67.80765416407607,33.442252525646126,38.80683508479458,63.32666817423423,21.035161962408903,52.63322633411274,38.78462787299781,41.12637358738295,42.56449906611722,26.634458587517283,17.33375224251294,39.465407456070835,11.4750427377468,31.039952686382247,100.5280844464332,44.7607595925371,25.2601258844112,45.290070909966055,29.669660179587865,59.43096923695643,63.685681692483705,20.49520387892864,103.23431692501647,17.389495450460576,68.00967903913411,54.56957187918466,143.09953843036755,46.29712085810385,36.33935365961211,25.81815928237623,40.36019841802089,21.513821417141582,20.361265192645547,39.327307105328835,62.57094073946304,70.15295376603049,25.799518521072528,80.21639711660883
54,27.51147304838606,30.586183634761962,16.83380554938294,25.592284568115446,61.982407181645584,44.64902504650793,36.81326350414297,33.04410111199095,35.428571962555694,18.295602406749254,57.54315902401971,28.986313127626,28.712918664724075,61.24963864545308,24.225991437551407,23.595977338380028,19.007026150843533,61.183807824139606,37.74430966627489,21.537926353388492,32.777882004995945,17.871382299583153,35.78199510422443,36.41205840037899,87.84640254785214,35.60710403678578,46.97777669129343,32.514734359038165,63.78003900040092,31.17967464743301,63.05996217054473,13.075830951830358,56.69603106484353,17.827503280421794,68.75460628807825,72.85270397347477,16.019828943881702,63.16644355856921,71.48411302570894,33.57468718828631,38.9084624070601,64.43428985801417,21.123320824582834,53.611469712534564,39.043603682526474,41.24402425008345,42.82619891612074,26.742384706845417,17.34817518103364,40.243747534009536,11.49305566410533,31.711651198141322,103.15252879108264,46.62597770978686,25.29424074980927,45.4292776173011,30.00226356894026,59.593049099427205,63.968675512911574,21.14168865208675,105.33723907502056,17.448042804762625,68.20950906537058,55.0163617870908,143.4342984835515,46.390340773625496,38.3522196671295,25.874838420088995,48.678287043941005,21.85219264558906,21.127477941599437,39.37707307683694,62.575220879255184,70.19418341999511,26.375373966476058,80.24589048028379
53,28.445337751205095,31.019430094085624,16.93689293712542,25.630280622321827,62.23941664138457,47.17221456918928,36.981593310676296,33.52560732073565,35.65990717067861,18.653477870188667,58.056115870633086,29.156520335205027,29.110390756390665,62.17009233345067,24.503582260399963,24.5987364224931,19.01781425104487,61.29378327726409,38.98359643611848,21.758955560160732,34.275528967510056,18.027047067729864,36.04833716435029,36.470114746138705,88.73271783055898,35.76521048142701,48.356299030211076,32.81530620067369,63.865330653079695,31.405067957379465,63.26681763954382,13.10140808305782,56.7419714368861,17.884385280812946,68.78297695325672,72.8692190812284,16.03999004737315,63.83418599628427,73.44782274403944,34.12286207243995,39.07802230684608,64.61478858166292,21.58604179572698,53.98737489371005,39.17053907059186,41.66205632572094,42.84827237703172,27.51528744252246,17.376629499762746,40.33392982178453,11.517270632898072,32.18501981836499,103.36333697511178,46.76058078708553,25.75646060631703,45.78769562841528,30.615172771311958,60.46054353784535,65.23984346135838,21.189344164503126,105.37800825154389,17.498093027091777,68.74808655110012,56.293591359275574,143.44892993459513,46.44551577441766,38.461941179013344,27.29532876540929,49.00853144052942,22.112334621306307,21.188912816348658,39.92937889325516,63.45959200237734,71.36808112740334,26.553813068020574,80.3655884235499
52,28.765877683860584,31.23458471865822,16.969137094043777,26.2381087751703,62.339574629188306,47.23783854537196,37.508308122705074,33.99009493162685,36.25508977762658,19.05871035216953,58.77724218065379,29.340310525574427,29.633984123018745,65.41989360998939,24.971715517858552,25.67849910439443,19.091265898619866,61.5153763996632,39.45186927698876,22.072733721503194,34.45004404870467,18.104654005761283,36.2238451606891,37.28947474290046,90.30963558268283,35.90228943086949,48.53448817604253,32.87608537547135,66.28859306718047,31.55797043384745,65.1076910383283,13.139528460173912,56.88805627353083,18.066786548897433,68.86036967760491,72.90652501806511,16.215427421933388,64.74692110714962,73.50152292480627,34.515916804442,39.292974142207505,67.82013993736702,22.473028715108136,54.41203833379262,39.470848027629096,42.324158776735565,43.01621523387374,27.5778033351028,17.73263329136024,40.873207990777935,11.748967755633922,32.3798144498709,104.01937838013176,46.89672424753902,25.781750124026694,45.87870148786465,30.71244710771031,61.267306371949694,65.5917632912923,21.39015427120912,105.67068863760211,18.232482935258766,70.7370834466345,56.31182720055053,143.59468191480937,46.66319222331509,38.48696267629725,27.496344749657258,49.38949793900973,22.358919502691286,21.23591435317226,39.973521937500266,63.98709380589683,72.26598539331356,27.096247804586273,81.47048353637082
51,29.034037550188728,31.52986014651052,17.76987670404333,26.668641440473372,63.46859820908207,47.34623215922101,38.360425402483386,34.090803761399414,36.47528015753443,19.243274031104228,60.62353738758001,29.908873308901857,29.727024445312992,65.48514447379742,24.99380981440777,26.193423110056667,20.03420557642554,62.08618276982222,41.26467821826179,22.143277774196147,34.77340622668953,18.556850942748298,36.536496952184564,37.539643270563275,92.48204736630356,35.98383169046356,48.768018020043,33.13502274913856,66.53705477516498,32.06333855871612,65.28713020659974,13.417944632008293,56.93957015331063,18.14731682041895,69.30591324416245,73.29700457752185,16.300693541024298,66.51375154669222,73.58126350530388,34.60771091837749,39.74412219814161,71.68721191042596,22.73571059694298,54.6029421940668,40.2390588997634,42.342588632613186,43.46133903817519,27.817827709187227,17.76949703935192,40.95401580301647,11.774742250081951,33.21678071670609,104.92834595476192,47.18688495042782,25.837812814222907,46.09839331254583,30.720237641317475,61.424056300591076,68.85597935539964,21.483781625887204,110.42688623433786,18.27957958130519,71.31331054163158,56.934169321233085,144.2684732649312,47.228966121180996,39.19139709796514,27.49907550628756,49.44901223774888,22.39277846838454,21.84947222374478,40.21729223342497,64.9643199974312,72.35715961939172,27.14685143984305,82.19238934453779
50,30.731398691596397,31.63152877784416,18.040324597033045,26.830975611352006,63.65053643454176,47.55432596289801,38.553281587066245,34.37993219062516,36.72403631847789,19.68072894540703,60.678252495636585,30.219660641039802,29.795711090132116,65.56582254171902,25.111229036062234,26.38870277247281,20.174588736816734,63.76158706195749,42.59009401428755,22.394359802182695,34.82037640984287,18.622015268846386,38.56322032620452,37.56135600616654,92.66561012214352,36.26102427587924,48.84868656082361,34.961183707682764,66.60023371210328,33.01022499098496,65.90011150088326,13.451828870035571,57.11416176676576,18.177686294923458,69.69388371039202,73.4148634363972,16.31762066730733,67.06072976498125,74.53574793209663,35.22219054856428,39.926720577635095,71.83033194376003,23.868859261583886,54.641404155062496,41.08092678233171,42.43861540021364,43.66431069498485,27.851207244374326,17.827203424344994,41.25892606290855,11.869715391185162,33.26948091932928,105.1237690046149,47.79140349689295,25.97030849837488,46.430142499966884,30.80189318259125,61.479666348879434,68.91481905182692,21.52686751683313,110.95745253344651,18.646366493756943,72.00840820808074,57.25096075468853,144.6565762133296,47.61210071078955,40.19574406641031,27.861272765414636,49.563247867073,22.734073359000714,22.989746616726993,40.26888022017995,65.82999636574229,78.69200418898228,27.287899917566392,82.27572444910987
49,30.86449012902036,31.753686170450525,18.158544742624077,27.003757355667815,64.78345283636546,47.665869383399354,39.377745658551106,34.465356830269855,36.96656255729199,19.72921897203443,60.962186659133174,31.58472810981595,30.128568154102947,67.1145325158684,25.205100532699184,27.174829193057462,21.074824953991474,64.01155853023005,42.665205088872824,22.445154506905677,34.891826323396415,18.63113252233394,40.51603073340455,37.625993632373294,93.19321815030965,36.571207223375474,50.02551643086904,35.1073599212343,67.78305701681603,33.28062926640358,65.99364443997347,13.541743179385868,57.27754173477544,18.796798886906334,70.38804860442856,74.66778356566037,16.391165357110072,67.07679960223531,83.42128372299209,35.55713839279798,41.06759768066846,73.12558715160365,24.397162664695987,55.201647739335925,41.31377990140289,42.59362648294308,44.30924535674859,27.899441011992522,17.875213437902136,41.435575006241834,11.91813313818496,33.87797157847399,105.44657174946109,48.860623159837864,26.469424886284088,46.50745708246664,31.106003396820658,62.027880614859065,69.3304934443965,21.88784881040434,111.10306604780932,18.657337938550693,72.31098074760672,57.29040916462633,146.98759100678416,48.46188905646437,41.85702281888858,28.153600951297083,49.7017030525869,22.960639279163725,24.731176206472544,40.65160834772536,66.25691646403644,79.3596499557793,29.036746136728272,82.30561471824798
48,30.958219561861963,31.91419018694541,18.17232474475527,27.251320887279743,65.02638412253751,48.14726340511865,39.59340993755678,37.02308968318482,38.04532256313314,19.73875050506071,61.3641920947868,31.991584370194964,30.310874679433866,67.27675687482349,25.336354874142415,27.282205829678645,21.69831975284367,64.28860947686265,43.57774099704896,22.500532795497055,34.90990643675694,18.86339038029711,41.02678009385518,37.852549798806876,95.62796988942569,37.898304913908795,50.22123256418839,35.591288015987544,67.82000026280227,33.630297256837565,67.24076654968844,13.604396443035352,57.97980987035291,18.942594377534192,70.57845331196384,75.51852374006772,16.596117531208233,68.82085940135521,84.41344026406439,36.16089988020027,41.57778190819088,73.43930809275102,24.509215175028256,55.94500385470889,41.520963553109226,43.182566104008494,44.33589600300589,27.91567846996364,18.26059819206234,41.709955000677915,12.069305901518925,34.20790628602895,109.43663120422454,49.05223533043794,27.32817827639623,47.76690651901576,31.163501176386635,69.91729178417563,70.18733400106353,21.965019092886752,111.57985184277068,19.040389336256837,72.40801996912697,58.58723739387543,147.7086200089777,48.61773095541445,42.087018283837835,28.19903428145367,49.833018222685126,23.78226952233958,24.937170925147807,40.89553103721799,66.56874003287341,80.94624308142745,29.342335576633502,83.5277329171813
47,31.00726174070066,35.50752179235064,18.332164268081602,27.444646506436783,66.3795107278803,48.24600813259444,40.024746676980534,38.39145382427806,38.12047909939688,20.0411516857418,61.70523503724122,32.61399865154077,30.49975037739644,67.86461283008757,25.738226332131184,27.566639408278174,21.838967345012314,72.15095080714053,43.62939016421564,22.9809699027132,36.30827052151847,19.047301016953316,41.33594362514165,37.89193869799199,96.32528175759808,40.15177182809498,50.94819457186392,36.038736495064924,70.030561993018,34.13608000223872,67.35315962929049,13.782498941927857,58.623631770977546,19.61941226114948,71.93921216091115,76.23262786735675,16.69718837299357,70.92796172535405,84.91019269318703,36.25617288568393,42.32103516859049,74.06532177091138,24.595874557243313,56.57142037425306,42.1272947687692,43.66689106633115,45.53582569109603,28.99388106641874,18.571496819397787,44.2883538439907,12.10224315426638,34.39106875145015,110.42842145623896,49.34869846147139,27.96347095063397,48.17671719617249,31.6144656478073,71.0292610624286,70.33059294186681,22.089347597221195,111.7004811116857,19.132721496872048,75.1178764822282,59.02957724372926,147.95203981845592,49.19116979471147,42.16241948111969,28.210761011764017,51.161194423441785,23.786108232523752,25.17485319487963,41.28428646378781,67.30633221804375,81.8549305143233,29.95917887768053,83.6495132093822
46,31.07052955625111,36.822912331372535,18.424475566986263,27.593085907808238,67.49198163060707,48.80256605419105,40.0575402355281,38.5073924892986,38.21614306207801,21.021451697537113,62.17016206436779,33.04516242224965,30.613650978730536,67.97442272632743,25.933072395796792,27.798923076359916,21.891969684004202,72.26704138385486,43.669844901080076,23.071651028811033,37.423857407432536,19.235105696420565,42.279783337023,37.9669006554946,96.76273438429052,40.52499276745666,51.43282602428306,36.17982680816004,70.63795549377701,34.349643803731304,71.0250072708434,13.942250374201347,60.13063787732747,20.010328022054164,72.60355195894552,76.33036581777823,16.720219063689605,70.99890677942477,85.35807667167425,37.42675226360841,42.41085303910143,76.79216358082246,25.152594951570546,58.93321063341224,42.205244428323,43.68110609695337,46.709765844705245,29.081427617123104,18.79239115119836,44.3529120269278,12.17343460589768,34.62115875555706,112.06545975738717,49.790481336039164,28.286008138540474,48.41104052398821,31.619440385125948,71.32170321342568,70.92945195263489,22.135710382064826,113.0991826674338,20.20084678641751,75.97641758969762,59.34498662253039,148.68054977963553,49.67137059983666,43.307437418018395,28.2483014434508,51.493328835266105,23.825545542401265,25.24338413608005,41.889216216855544,67.47760117359893,84.56979927798592,30.15937144242114,83.74173750897688
45,31.288857829799326,37.13598587236327,18.660192340814266,27.95388950944727,67.9935229548655,49.90474688103051,40.52014217216813,38.76246431551953,38.26645748096744,22.032905659577363,62.5453081583189,33.08521106938089,30.813333199201168,68.09611759038587,26.056628735446406,27.98829026623091,21.996687087105556,72.74748611329144,43.78309958469892,23.17122912644912,37.71357066946141,19.392457136382603,45.0357714819895,39.51304579857828,97.06917687018739,41.76234102464726,51.732110524617184,36.900465962673046,70.83378239588001,34.50188970368303,71.1458272287204,14.324819228180829,60.70746526353209,20.114433641184895,72.99935942237693,91.44048921434678,16.97886752977775,72.17003539427512,86.68369138507053,37.65726756619646,42.855920263762194,77.55064848331625,25.222457738618036,59.13266319467437,44.06259531879533,43.808514811394545,47.3641021421583,29.898462855517693,19.3039455296977,44.74349071909383,12.211441525857063,34.75732055695152,112.74534358528356,50.67882443309251,28.73057219619807,48.98809963568639,32.77013975344479,74.11902958925212,71.81331481749838,22.33416520879733,113.99153730741821,20.24365240927721,78.29182734482852,59.84658285036701,149.17764209279866,49.87279366738233,43.86530328278314,28.326588963746268,51.77007578890641,23.952357855555842,25.955895021215287,42.21794827684865,69.55261778125218,85.1484119035778,30.403745928726483,85.32704231998733
44,31.784433295693532,37.35559919748429,18.77292179721558,28.080665570945722,69.46591313530703,50.004573402794634,40.722086773369405,40.205416041771876,38.73975280969046,22.16311019997812,63.10340535663955,33.49433988720954,30.957610975103705,68.65031804049421,26.09223043329702,28.07197957856523,22.169555987748975,73.3570683617455,44.024377165732936,23.27499978477822,38.30621339426013,19.46318135566166,45.794616633404274,40.066179701748325,98.37025290689664,42.55933417614175,55.82734182951007,38.71500281972841,71.82476275164962,34.549326806002206,71.55249413150085,14.348771813330435,62.346034255967986,20.174986130093995,80.61127400507476,92.93110571138708,17.505204488882274,72.75903096066088,87.06694949045603,38.604941758640535,43.134873748445074,79.33937653402837,25.64180099893414,59.250964296369766,44.23697368397058,43.94703054581878,47.58855094872489,30.226379725022422,20.39044934227695,44.781326773154696,12.246885980958877,35.08032658549695,114.11419965543612,51.113781599268364,30.184680848335674,49.93830999933444,32.869878747222394,77.7644609433963,72.76959011693012,23.164507128192945,114.4446967050695,20.29860558568491,78.8933685310541,61.72977148961461,149.2511094636475,50.182012253528434,44.48767277858077,28.504499742117567,51.77807828434125,24.093541931096144,26.001345125078544,42.94674338076964,69.8773009712258,85.30436764451969,30.537256474258488,96.47449394077118
43,32.064121541899425,38.78318567105583,19.152788767949705,28.21767695442018,69.91960151464129,50.73115314919944,41.473294794043404,40.31751924434519,38.97893110179672,23.406399221435322,63.20022896831229,34.05497487378356,31.61825602002417,69.0465968705384,26.28761762808236,28.18267312249063,23.038916100236857,74.57134843770343,44.41716613852192,23.31005123368319,38.48359977961901,19.582804935095165,46.07575536428573,40.24617604041766,98.56817927171191,43.065951687165665,56.75519131827421,42.52775309982173,72.87046618916835,34.60744209204366,72.47202875161283,15.405603135475218,62.46751878302827,20.325604893584032,81.14132224389971,93.60330994639894,19.85767787230364,78.28282012313373,87.69844365305528,38.7132585360606,43.301703320613285,81.77782836412135,28.105209484167602,64.81906798073423,45.69716076846141,45.61931540844865,47.71779743723014,30.45470051768908,20.453955828256962,45.00092063061785,12.351383263110703,35.59347051283212,117.03774133801477,51.192104987280516,30.24111534599691,50.567281838472034,33.63307763092532,80.86343061579595,73.04860372403819,23.59111955454318,115.84810291233059,20.51315961421436,79.38311012077348,62.90907095693657,149.99176219195363,50.77473730636664,45.57565275208446,28.7213733911641,52.02003472972615,24.22233040068854,27.032187258595663,43.12817054130758,70.59302970153671,85.59653174337485,30.574981400241516,96.95835867379004
42,32.31828786717388,38.94674792844815,19.181242180000353,28.2963797252589,71.5480960142268,51.03439892150027,41.649770969333986,40.714908043248265,39.06349050582984,24.383520355612653,63.503337728596954,34.45249945245703,32.163706136278435,70.94711335371358,26.64822682574367,28.2725472864445,23.453348895750253,74.81528151543539,44.85152370165601,23.70189683092017,38.77632979291134,19.587875210585477,46.25002695960211,40.45937954885553,107.00561005919491,43.759440592138596,57.71323808129086,43.290047643926926,72.88993857212517,34.735183126155285,72.54957157662463,15.745580531023116,62.839670768746245,21.385301152892445,83.11741702482996,100.16988242729897,20.145743501255488,79.26167435582877,88.81794127659278,40.47396741268144,43.505849303709134,82.01010190331932,28.35841502801365,65.42726939098895,46.25168049322445,56.06363863442649,47.780025591774105,30.75295158123907,20.61321487556058,45.3554845862825,12.540185423741118,35.74261887551114,117.48464151786052,52.39196122585594,30.814051439013593,50.766183539098684,33.80723202977467,81.13220469259349,73.57332173810704,24.24630365350141,116.0348110799851,20.567591896668254,82.02899183817824,63.08284290751498,155.82596024516238,50.93887421932832,46.69457705479873,28.751084939860604,52.657826051647525,24.263771079099644,27.12964154555247,43.72367941445183,70.89472851026247,86.18983729442645,32.9289451945404,97.26264913737087
41,32.51940137774999,40.589014453306035,19.22873618114515,28.67075563858191,71.6356489034852,51.562568056499266,42.88242918248584,42.96705742469787,39.16596165151227,24.592341729546547,64.99952067269832,35.2511437024154,32.79622633714527,71.19674795701795,27.228132229988912,28.29707134347953,24.382518721566623,76.0804016394282,45.02761758850855,23.965573020504323,39.00505890285813,22.415051552004243,46.71678386454234,41.22882395625133,107.14620003314984,43.96108089967285,58.5805711980817,43.68158736666673,73.1188325584908,34.853861916847904,73.01363982225985,15.856244237325432,65.54641892331931,21.697170191469123,84.08723807195015,100.40424994425253,20.45782074264528,79.30564705115712,89.0174039365995,40.54120060335224,44.48266318102258,83.23252487138805,28.641714741045583,65.519626218713,47.42536211384552,56.54435274536141,49.407219922394965,31.16377118963612,20.676978666223906,48.91309596434788,12.602519835447202,36.028801188308805,119.68456475808185,53.022331429030565,30.82819995355395,51.216530695966846,33.8538849853625,82.30687487910241,74.1716959782114,24.409416156252707,116.51911522870468,20.85358744324927,82.09625070164327,64.83801422389502,156.9668447696312,50.97231345193749,46.83410145762521,29.041023558123165,52.89259012435954,24.510355716612324,27.304773700361377,43.806993776390094,70.98327334299411,86.91231972276809,33.01924953991591,98.06120431119334
40,33.804673407008565,41.32827943545271,19.252517735759614,28.828211287909586,71.84847985403198,52.39502531840486,42.99737431770068,44.339755235674474,40.25420602737512,24.72179495138206,65.25097142419686,35.40539609374539,33.0012358011106,72.56984953246288,27.28934734299437,29.110435777095166,24.438641755029487,79.94051515006576,45.46256101996479,24.367363360578167,39.28529181203533,22.481819897355713,46.85520670388597,41.77860492730045,113.26083138577879,44.900358439320186,60.11852338516576,44.30642173872782,80.23921158619218,35.561911767290006,74.64354933830637,16.04456529390734,65.83171967987842,22.143524222359062,84.33181439172553,104.96855571009353,21.19066570881792,83.25310597585002,90.33869745929346,40.82202208621339,44.53610338624406,84.4849954387627,29.073711743112316,66.91853772681706,47.538274366171436,56.80738783030001,50.09919298791935,31.1872484437152,21.705388052723958,49.92107353645679,12.725583161552027,36.16387926119241,120.3487477371672,53.82104189060199,31.28661697861896,51.56108808111028,35.68741973710489,86.39878257154872,74.78564263099692,24.46233402772502,117.99197664105512,21.466380267534383,82.23684102579705,68.89979547762911,159.29702942976664,51.848558543943824,48.77108973941115,29.049011338973905,59.57889930654678,24.972184932360754,27.446670294200455,44.926719762341996,71.29477789256516,90.94892055168005,34.70135573846054,98.65562746753088
39,33.94020165812818,41.38781211278896,19.27622624057122,28.911935121046955,72.39192031155886,53.35915079901316,43.764971606707626,45.16051492520848,40.43783898374436,24.88722319225457,66.84601929641799,35.776212285770676,33.33405300665734,74.58608800978038,27.563225355502915,30.133320226851843,25.69423379577291,82.28795101812736,46.23696042855465,24.46819954574999,39.47974285237761,23.079984822301682,47.52913863314235,42.24014907694627,113.53343994142905,45.52390948381806,60.6180903842599,44.541889414416396,80.89339758813016,36.28711323933272,75.08634109249793,16.511804864691573,67.02260477731484,23.414148085569984,85.22950899143528,164.54962178595014,21.61475267049966,88.45990510670137,91.13647457547657,44.30402063584032,45.06985978592332,86.04012248455459,30.47386489897872,67.28779889188056,47.77171287618364,59.266276456357645,50.29549029074982,31.43485725549445,22.237017898424348,50.66280316685608,12.823289227379384,36.350667619607314,123.94603758087221,54.194042679965186,32.233119460499005,53.26826036914044,36.394027273054,92.0303909644108,74.93688073194093,25.685434454291908,122.94773589951407,21.64722522112144,82.31093463206923,69.52293866892838,169.8931022079862,52.287114687380125,49.11735448078021,29.131456905394664,61.74273473690884,25.394085796583898,27.55000698904676,45.74496580361825,72.84899667289315,91.65511626070115,35.318384053641516,99.75822523725809
38,34.057353093997904,41.99334838928226,19.28578861031949,29.20457666979523,72.5654178227115,53.45689205911531,44.34112487564143,49.07578767983212,40.5729252126707,25.01871946593049,68.09674619812782,36.08206262568704,33.40424317249297,74.66308811012988,27.727195541451714,31.84869771363633,26.36288907283943,82.49693817849419,47.359530712764496,24.55875504105495,40.45723731968048,23.41515293424641,50.86727526566076,42.71989383789937,114.09272056117132,45.78585126338526,64.23935740590856,45.425091202657356,81.31532144542163,36.49623911371113,75.20905754517185,16.759896457904404,67.36427095441911,23.683389943903787,85.26908293994626,164.8216149579445,21.638926051583425,88.4758213965252,91.5035515976058,45.3734829525951,45.13351095243724,91.90748539045994,32.210844971997744,67.85186144441246,48.34845919419927,60.07016481826172,50.43382784704374,31.557903777795953,22.27872589445077,53.00027568875298,12.8819765403097,36.66288986523802,124.40017622673079,55.0110623245979,32.81079966129031,54.34138187448252,37.062719654701006,93.30175588870237,76.49086232444917,26.439256772659988,126.13017286101152,21.848786037076117,85.19689045652096,71.34963055986536,178.03371492873578,52.44100306707324,51.28060198242981,29.183941096855126,67.60850532872145,25.726206139774188,27.723842567565868,46.96118902815228,73.60964110905998,92.7273119098844,35.46534626585413,100.24416662810803
37,34.30683253306304,42.29131752727473,20.188917610300173,29.35062201073398,74.01491149424945,55.9625197434309,44.967007835240786,51.31352313930018,40.75027847948872,25.08118091625382,77.340520672799,36.263748340044906,33.5400314091749,74.8145608984074,27.876611612261968,32.45230244252801,26.60568475183189,83.57884067343275,48.59484424196811,24.678835872081105,40.9232296560859,25.723310849997745,51.004403403556985,42.846003451866856,114.79985081852209,46.33073430568316,65.14407100044478,45.90198962574389,82.67099394281728,38.49673201857623,75.56496340878945,16.88011856320181,69.32947742663825,23.888232807717003,85.44344051160681,168.79554831147993,21.703406046749617,91.74076635218816,102.950776862302,45.84941432078979,46.322664720459414,93.62404849470049,32.95488950866137,70.24993047012858,48.894794260195404,71.1091262113567,50.62744831371072,31.720853975086552,22.510432438189074,53.442313789501426,12.916951286993433,37.44398079170232,126.26288287973102,56.383733127729684,33.15412414485684,55.113259704786,39.96743546087286,96.35474341206316,76.74445003022285,26.45510342930547,127.52164733332124,22.360023467071663,87.01319989869458,71.92275378846037,178.38053318878107,55.33075826808797,51.91820884025343,29.594682544877134,67.90810311898454,25.823595452379767,30.54427382265208,48.649707146273045,74.29514147448096,99.14645632194356,35.90660292899421,103.69734678382771
36,34.457917580967695,43.5348156369484,20.76593920121651,29.666775787866044,75.58410838702662,56.665901383891274,47.16141201221096,51.623982464942024,41.009472445396916,27.567752474641736,81.38845632504055,36.738442949300946,33.91196572431103,77.1259779864412,29.015035789877395,32.61061505851426,26.61379414941862,83.58757447888169,53.073708021523345,25.51589192818712,41.08965622852293,27.649016535366993,51.75609399116041,42.93592388093247,117.54810078656975,47.992817195445255,65.46156112775257,47.44095804256917,84.28748703596347,38.5768474402765,75.64049794961022,16.98333692873319,70.67299709458608,23.900320134247828,85.47654118991771,172.0998734212126,22.123914772195686,94.49876734729081,111.34566992433867,46.06182810582933,47.18741700663195,95.55339010753616,33.71313535970398,75.94673886700414,49.892507151308855,72.19764339570064,51.09576219779215,32.77012167333611,22.773241562746986,53.45900630960691,13.062045442837448,37.668641867747105,132.43061925817952,56.83355706134265,33.44202792875231,56.19765888667287,42.97892207668627,96.65755820673826,78.44675714461034,26.92769368932836,127.94795605305568,22.417157682305977,87.0415501752053,74.19461015643098,183.47705404883047,55.94906047643204,53.5136586426459,31.28949086674224,68.30784596983693,25.983611302865572,33.35475394564533,49.357457772935575,75.12739283923686,100.56462125625744,36.51296475159518,106.19361539110214
35,35.179080666402285,43.85201959648951,21.923378262097366,29.956279397292832,79.26297305402163,57.63442015556615,47.66629764991634,53.61595862139299,41.33208572927069,27.90465295944708,82.55359194338298,37.40758015578323,35.36986924543754,78.29129300914266,29.170711436581264,33.19960901783219,27.46515042778422,85.24773204130909,58.45069981806631,25.640720234111694,41.16513807920871,27.681055267082925,52.00615561449153,43.26888978321885,122.42916510613345,48.08387303290791,71.10463574911465,47.72994852211682,84.40583890007993,38.70057920824456,76.44758939625902,17.06720690310595,71.802079299899,24.22468165293466,86.19524025169035,176.12966394493787,25.89276064816658,95.85205150935985,111.54174390133126,46.23814724090308,47.85695746790993,96.92254270412809,34.04222161624952,76.61832743477046,50.40993507607614,72.40474585038395,53.439078876361705,33.75039604816218,23.380194050905963,54.03145524021749,13.145309360920317,39.20147907874251,138.80333558066837,57.76454751172322,33.913507240224845,57.15573386845932,43.20549472874837,106.57342749790453,81.5819996946364,26.950684346779138,129.50570351430784,22.453983644312984,88.00975090224244,75.7667356611206,185.7186207785307,62.52124009162615,54.01013834980047,31.334661832352392,68.9385573211288,26.438189129372162,34.3769155218087,49.57650879795539,75.2946887334763,101.55530699351479,36.83469836170044,107.795200495248
34,35.71225164235954,43.97225841037736,22.409985211815464,30.66069760072365,80.71592987069717,58.99186930915264,49.903272727608126,53.81934589268155,41.835268746370765,28.55441520944532,82.8692240865448,37.80341489562807,35.53360320838841,78.74219359311643,29.28397583578617,33.812368979673636,27.554350922665872,90.24677202865124,58.86865447139669,25.7393755495216,41.29005644786724,28.09560239849835,52.50925660472985,45.614953206002916,125.86795508968096,52.97806498486187,72.62734453595617,48.03126031035962,86.21739534906102,39.19195199296626,77.47791468077267,17.184427232612578,76.75665641302182,24.353240612767706,88.9691038153473,187.67936440401715,26.87991424445641,97.17416328849322,114.50365249107737,46.89756527737407,55.35015470985463,101.73217045634571,34.41207945638672,78.11027048072953,51.390857126652556,77.71681964182376,53.605424342511164,33.82143437565561,23.96882525022752,54.912110773709486,13.154082022607792,40.57256759111738,141.6548087928093,59.15527800884646,33.961717438975484,58.52144734971372,44.467613949688015,107.50287713784066,106.78397993059879,27.154298370254185,137.81436244744893,23.53711408453109,88.34078478291246,76.09654457869827,186.89778747929594,63.859914516099145,55.013412046812746,32.25532824613234,69.19133001504989,26.49755780661247,34.61181556679686,51.42738503996653,80.34574391068836,102.11291849521274,36.98657969897729,108.50475804537511
33,36.00256842306441,46.619261381207274,22.851121939392726,32.029245119222146,81.84631287897537,60.32422947764744,50.30974416330892,54.91007339955815,42.019679994655355,28.660688619197728,83.016942842927,39.65600740583725,36.83622345208491,78.97824870238267,29.503574765035072,33.864789640926624,27.61762429505262,91.04486842975805,58.94638240711112,26.05891384446577,41.76759043241624,28.268267848011284,55.75121064922056,46.446323999135906,129.46076588666503,53.067118467691344,72.8234333706293,48.86030953199345,88.0697495032144,39.39278845849118,78.63647749231812,17.455437035536875,77.4119930846318,24.866274052952487,106.38435966050658,188.2186459555185,27.655094894447792,98.0264984581012,115.64511967243044,47.000685015754705,55.38324797508876,102.76771025908704,35.16104688138064,81.61527700287407,51.89497244451461,83.80602184183701,53.9027547313818,37.19751283187157,25.98103208552435,55.76175635370579,13.60338642141253,40.91605231443449,144.02749416763507,60.364730905946324,35.01458516059647,59.89584731010824,44.79678467345034,108.14798101095091,106.84381200976244,27.38663148243251,139.5496064433783,23.752754439673588,88.53245004291402,76.43135796483101,191.93415664790518,67.3978379136779,56.76189159148326,32.296682991524754,69.26548135445609,28.27558079292354,35.77016276795117,54.39463905493215,82.10743187393871,102.62230671709348,37.46614756884369,108.51502916423742
32,37.95961473891947,50.5444866438521,24.372836447918935,32.412496840528775,85.88082933864861,60.73030629446944,50.94816199201107,61.552347209000175,42.4473905100481,29.022405916965045,84.90051639622989,40.73768826566323,37.42413726655848,79.26891985899879,32.38896156125998,36.161678942157344,28.331653085822555,92.04622639243608,59.04800140135611,26.365370750422922,42.350086381280484,28.32629241874909,56.18336237841667,46.72708173196428,131.54694305573392,55.265947215867264,73.13735973653503,48.90062903469803,89.60254922141631,44.047135851612246,78.84727080016741,17.6627690477064,81.29469059195024,25.958387770633628,106.85470096240935,195.6921689891159,27.735730223049075,99.9037308609212,116.45534356886378,47.995332447753434,60.05749153278322,104.34754759234927,35.711013813963405,83.49103794027327,52.959862530264985,85.46027011866758,54.57448142877698,40.30176706831384,26.468243329966146,56.582889744908165,13.788358158941724,41.395640336714834,144.3999726606705,67.80284715538653,36.73214113117144,60.52768450027782,45.498411381209515,108.42022400963768,108.94141921649856,27.64883917926548,141.39242236425457,23.92701112081954,88.68510001951735,78.3539868199678,192.27232257738714,71.28146174717386,57.91458766694286,32.572098304924765,74.82728054093637,28.814996209416442,37.3638159208976,54.840334807268164,82.1145965880489,103.79293067680278,37.552510792368565,112.11129941841288
31,38.90399645665397,51.89455572592139,24.454536938012566,32.65705376878355,88.98622581338438,63.513425507486694,51.27122338766144,62.03367413115226,43.84162978794759,29.275340322409612,88.8665736189847,41.89204106761666,38.895228073126475,79.84133910296433,33.05465636687566,36.59633976126344,28.895550040773344,94.19531511063346,62.54592566726837,27.242418845144783,42.571287219280116,28.423788217906182,56.54489715799713,46.86423579290926,131.91712303623163,55.89077391773977,73.39875253022282,49.00731949025293,94.06241557221975,44.63734169642719,79.51245049699664,17.9309497725344,82.24341785285162,26.591859118364216,108.85049338485668,197.21561195221784,27.854515910441055,101.20311589667318,116.81465876698503,49.40541646819248,61.373532667978466,104.75213722274565,39.31509789736393,83.97352855352754,53.25595064098059,88.86468376632378,55.242509036844126,41.009480124226506,26.60515063584511,57.02730412282246,13.846779235463265,42.63122251909474,144.5203962014278,69.44247556754209,36.85949258062115,61.678754972579846,46.386350525456976,109.38536806324926,110.11596784155432,27.801698485018946,146.91153634612687,24.27783063207475,90.40367372433495,80.85183123196667,192.86244738653852,90.81581662264904,59.390791595674536,33.78203334590581,78.43447401563006,29.58763987164573,37.75495903793468,55.976806153114104,83.22951007292792,104.09505128762005,38.920481929604705,112.92982928382048
30,38.96461065338562,53.11127957797991,26.047078345703394,32.86489084350485,91.36568048625718,64.0571254945341,51.44455244659071,62.760955768783994,43.867787006625065,29.48783747644986,94.95359173967006,43.21696520028146,38.98969352903124,80.51790059058432,34.41250379314475,36.8491839058967,29.343749006015805,96.21731587000397,64.55853784790492,27.339720336865128,42.74851470228693,28.460028112220634,60.1019265942113,47.313550130678905,133.00676454874065,57.12751562585917,77.59077619532297,49.407716367531656,94.62365136968936,46.54579946504764,80.97321032185825,18.05958104808325,82.48445218079935,26.70992709152796,111.02176635310556,198.04130753676503,27.9959464511416,102.2726202933453,116.8951898436087,50.69435047023522,61.7408065288256,115.56812691114793,39.92844029042124,92.53927338504187,53.80771986873533,93.30441038402527,56.32131141025905,41.126469928773574,26.62331643490947,57.111307784267524,14.09658006178314,43.44942970379727,145.9626940433328,70.04125140180956,38.45680079969738,65.72572461138782,46.856805959325555,110.2445662645532,118.53886212210229,29.82749889523869,149.36865438190347,24.608365523980204,92.40130695324815,81.94615915710624,219.68589928372174,92.06871931206535,59.59275470236879,33.976820535482595,81.22766002434932,29.71941829608156,38.17386476701088,57.07711910591237,84.27301576103248,106.04745889031254,40.20147821075116,114.64984728732031
29,39.87200550420822,53.24401071754022,26.466319819013474,33.47095339135366,94.00545739133612,69.21302984508547,52.828552740471316,65.67701292487916,44.58952289668475,29.67895760106507,97.34884117183095,44.73114306475664,47.39027893409745,81.32220073297098,36.58693092947125,37.2417086284446,29.645040627447926,99.10712893361152,64.95487900040544,27.42453198140932,43.098157393040296,30.235167855223516,60.84556775395717,48.13556313028998,134.3765553957964,59.00722739912544,79.51907280343507,52.26523051873229,94.80225518878723,48.2567916728808,84.58495454866912,18.203483028993823,86.63327647714942,27.3339021592852,112.62097251571262,202.0387941270741,28.18422950755302,102.86934396098339,118.0681053263749,54.71075415797751,64.09165512811396,116.75377830744155,40.617270365249965,93.20413330692458,54.18606156947928,94.26004025390742,56.647441531483615,41.36898640025089,26.77871725240847,59.0219765025953,14.326344315343976,43.9588072968043,146.8252404799246,73.14707960420937,39.106141703989245,66.0497337229268,48.22941488832068,111.2848546677048,119.79053545020217,30.306044024494167,152.56384930734401,25.14883011102703,95.9045344819922,82.58653152023102,220.57461957797145,92.95811770167708,60.420518810501456,34.107957596046255,82.49842716033841,29.868593646850588,38.41592006442109,59.7056475188132,85.14143306588417,106.33893885570811,40.30597199725206,115.01819943268592
28,44.74617971280413,55.73685151242882,26.91028281394345,33.61429556689595,97.33025500661917,72.67143968520813,53.29588518734096,69.09846381868962,44.90854943690101,29.950814970355943,101.0438327940935,46.2059366583268,48.31745053884369,81.69710595956349,36.64155501325506,38.683213671323244,31.523071915546367,103.01695998011941,67.06310671398613,27.792268853069995,43.67270580298969,30.83037196418956,61.027299809948786,48.61814943214193,135.30446072239852,63.61453559598323,85.20284904431952,52.56776563880766,100.81760945706856,48.732363721639615,85.17869634471027,18.978343121087075,87.32689192711507,32.72307745591907,114.0269876680393,229.0124129458905,28.77281802440612,102.97626275068689,118.31556154440806,54.9289829546528,65.51900519929437,117.01058821739085,42.493148719151264,94.6879494276326,55.02174204000979,94.401021673882,56.99066859617608,43.550021863260866,27.091279949319226,60.27919540790426,14.500711656442668,44.9205401093291,150.62791481340594,74.26750733614728,39.290327098861184,66.15557942645192,50.05160099773516,112.87375255719145,121.70101518770238,30.47478486273672,153.82719873255684,25.80877748059856,96.35468263472201,83.12526760182074,244.92024115168005,94.01163146625633,60.91290830238621,40.366195657454476,82.73856344527796,31.631299287623396,39.62495407967688,61.43279373216746,85.303506007025,107.99922034398297,40.98563804831578,116.39189900436706
27,45.174588373138185,56.707453721430895,27.351632434290725,34.750430799395666,97.43522713231107,72.82025895234646,53.53820218643097,69.28968408213595,45.06448979197303,30.82032493413032,103.63040334974724,48.63081666989428,48.93098068377958,81.80679310400087,36.796187310490495,39.140991511530686,32.41642132177512,103.30087351175389,70.53573053686938,28.250779698969367,44.121354752551426,30.915670571621618,62.203296059770736,50.45566533129511,147.23092868312696,64.47277773663329,86.4408130567297,52.65911833337887,104.83901882480255,49.85930522026698,86.27662894318622,19.388092300031847,105.18843804429046,33.44963396071988,115.06429956623434,232.25116118676496,29.303350995522596,106.40121241608786,119.11917182952543,55.4164679248929,68.78962984988236,117.73679114390777,42.61183108256722,95.54010115184902,60.645409898747374,95.33292741108357,59.44508239376735,47.637094409876944,28.87939381023252,63.02759072210169,14.562609558887875,45.17754080856623,169.4624277664145,74.9401129707826,39.514136172331014,68.23585980506128,52.14102534613825,115.53343800410644,123.01842636839562,31.728808393463073,157.40236817638964,26.270450847801747,96.88087253443958,84.81814616238346,250.43601034488407,98.41284111952442,61.3839015171919,40.54957757567958,83.23932162541136,32.26660943791987,42.80949452001142,61.77109173969018,85.43147196497301,108.58977684629428,41.058965459571674,121.17675456700913
26,45.901987510464394,69.18669893941016,28.40766759842622,36.75714199988186,99.6828629149821,72.98282027594809,53.7052592795875,70.5898127701109,45.690623062171575,33.69278258307981,117.58434314097133,51.476222058454404,49.43963323136629,82.35899296905046,36.97943604236321,39.30096332659606,32.669674192573204,106.27435671345478,72.27799316124822,28.471342585929783,51.02812727643052,31.136331695367492,62.56297987817024,50.63762157478947,147.7848820344249,66.58510144879396,89.53877216729822,52.800068363049114,106.10644830072606,50.21413917924363,91.34030259151052,19.46182895323541,106.99152842355414,33.54911546289344,115.76688907112508,251.35961078936123,29.625817421705953,107.33512090871847,122.7428605892181,56.686193288018394,71.86311633763435,151.21879814394333,43.73222768935944,107.25134519549229,63.059199022265126,108.5792318547034,59.51281834695228,49.02804155506626,29.73434798328238,63.36905349387491,14.850084333066354,45.415453942298484,171.38423065615544,76.23728788761123,42.083766306739086,68.68253114167732,53.13068141039255,121.56808088510243,123.4667024824291,31.957604598268833,164.98453353222143,27.86937156546764,98.95040847081087,86.52821320930705,258.0681186831733,98.67517285671839,61.650093419499925,41.6222637007891,83.83475301003097,33.12227408515783,43.211114450653,62.366538351171315,104.45773708782144,110.23074836480214,46.517022919059535,121.63012362884218
25,46.30499058450136,74.54503659662271,28.514808996634265,37.17921305221991,99.8235989747699,73.72042687971545,54.2841208617186,76.68735830330179,46.186207743517855,34.2917773774744,139.32907051773307,56.77489433470802,60.16129682951082,85.00046510748959,39.818377723251366,39.94684453098485,33.25444475331459,107.25814828489236,76.79770609051852,30.816632917240195,51.169194250628095,31.913124114673327,63.06325644840617,56.22685444082338,149.69786015947673,67.38111687321354,92.59639705334986,54.02271272742578,107.41990601353878,51.422127740602356,92.14476674272805,19.98185126426664,107.51727019678404,34.99517642007475,117.36455640905255,287.25094114785855,29.70329720696769,108.26370559185254,124.36546766321938,57.46658567897151,72.16383509796553,156.69172258497147,44.08020443159367,107.65213929182597,64.2944627730991,112.9329193300998,62.10916991275431,49.11943516111457,30.270328986199026,64.69858603242668,15.093429274843738,46.206538988215755,182.5715611638898,76.65013003950517,42.662413352702806,69.27876158220988,54.49705121872329,127.64150891656331,134.04762553588975,32.65054156553455,167.0058885869246,32.09273754786621,124.40444588197164,88.0253986529873,260.0495243131669,108.19428852610693,61.6987027847689,43.24189132112456,86.88136726551936,34.781446193097814,44.181445368231174,64.54136355301273,104.5892902040058,119.41894254960295,47.34935500727624,140.97402120796605
24,46.95930217988744,77.25218690088334,31.057708535971948,40.6123229073434,100.9235365777997,82.62577825023197,55.76568327757619,82.35647942724302,46.35296321746351,34.58739563009893,141.1283609428554,58.27755475922424,61.730773382397295,86.70514417141,40.105897960307175,44.93905298580571,33.77137412839892,107.69516054601226,77.49542138449654,32.18103367201568,52.38527207593066,32.5229946233229,64.68412766253722,59.799504486961716,151.93438399201276,68.02632249957433,93.00490392058018,59.321781927309125,111.50823781187765,52.76969451690137,109.01390554805295,20.23543932140791,110.93076948608788,35.7239306003141,118.57952941945486,293.35504638908515,29.878302113533742,108.9670798795995,132.1888661012347,57.851714217369825,75.11388406780087,157.06743739410007,44.3586218804682,107.80507431716384,64.59864287046817,113.39910936800632,62.2402065079992,49.533878426037774,30.91187827924588,67.22050057509544,15.286982964869413,47.399280876692906,196.67171049455467,78.98336980859156,42.71210394493297,70.97319517717669,56.82130249645078,128.08172340702257,150.65294005342201,33.114650102588236,171.17372069655028,33.67638270070451,125.99551370568818,110.5718143685306,264.8743756779413,109.36988005275668,62.180411483876036,44.14634736126758,94.9692082032036,36.07675044701742,45.39824423705049,65.66323645931763,107.53199129283487,134.24041591888732,48.36530842929675,143.5400623606397
23,49.69363848781526,78.00022856275314,32.37709808512982,43.105095865034414,104.84879914631368,82.96323079995031,67.92084842270444,82.54420575596376,48.37806534076898,36.318637829348376,145.7827446824831,59.01623823628326,63.42780095768427,86.95677953654172,40.45525433305826,45.87421582487951,34.00375917559422,111.01844887753035,77.77253138406404,33.884329688073414,52.57621432295629,32.61107012616568,67.14351886723465,61.16352753814129,158.68957668851496,73.53207181444809,100.82416420089997,60.21773093661032,113.59511663046962,54.76936821694362,111.8888911818768,21.714834991003606,111.42687231462924,36.14992688032989,118.77103198926787,318.83876099133226,31.81089231241656,112.91213286217096,134.59874754522556,61.03265471604284,76.25706451859902,158.213979313158,52.19779484792715,111.081257506349,65.11666795958413,114.44343884797041,64.59135547788324,49.72670188632466,31.584232992377252,69.09930950955409,16.101587329877958,48.0604156004824,198.64716924195483,81.81965691202502,43.08092901023463,71.15666159507178,57.89333207191672,133.26939260205253,151.1517036090558,33.37542172340359,172.1494948373711,37.96883560359901,126.32607454272667,111.39599546368014,285.78681808251827,111.29738815552804,65.05486204769672,44.8748659265952,98.26111699357315,41.449351659668785,45.977926347227154,67.30546187013839,108.70996463403272,134.7059539889747,48.563502859926174,148.54784478600848
22,83.2574406708812,78.94586877694329,33.11982900384811,43.290188016879384,106.72274482449876,83.2165103481295,67.99459460782697,86.57755025914315,48.98881002439712,39.74026754407726,146.91298368258475,64.91526608275234,64.38702206817835,90.75731242479627,41.58875349693083,49.157747447524066,37.13007846729157,114.04737070722943,89.68657410872083,34.51606821481752,56.897254872585556,32.87587029815075,68.18921941808298,64.87695628551346,162.24267889659492,82.4242181437599,102.24559366732728,61.101853300906846,114.36749893508892,56.11656069312134,112.21449348380754,21.834384651658755,113.20868269100913,37.95844095072917,120.48007791551052,322.9285474674461,33.61078976563003,113.7548635759238,135.15625969239537,61.434852886701094,82.7290344206005,159.5698352041623,54.37640840726931,114.59023124456122,66.56696326514611,115.56650484904956,64.717134697641,50.510955208806024,34.50234034610267,72.40205359988349,16.729796723134957,49.72072624466374,200.55621185090757,86.47922814246448,43.240458341062194,73.83795541277432,66.00911914416436,135.1105370428385,156.3639768448498,34.05199597978566,174.91073340921756,39.93940003753939,126.85079539806863,112.75768004481584,332.13966098395383,117.25997106975164,65.94592751598357,46.99224275259545,99.33476703221487,42.1389412106994,46.711467050385075,68.94471588684281,109.02120982963412,138.45085791089417,48.858368266977706,171.96683680722586
21,83.97814286438383,80.73074368449385,34.35119942473119,46.54035941793154,113.11864804320201,83.64030768096713,74.16488036473604,88.39179534486087,60.745052435810116,43.01094629196953,150.6337422333312,65.36773878775382,65.53303367539911,101.4262891824421,46.99481229313298,51.31214473431245,37.8023395934193,119.99048608032038,90.17680772973775,36.362990878189535,86.06119117807381,33.07085240427594,69.58671913922974,69.15018027422072,164.71817817899864,91.67515997412981,107.65820423647541,66.87501024555661,117.9547043058695,58.55920247836992,120.72616534677036,22.40167856602394,114.67933502091269,51.53049874678511,132.41512503556274,330.695985694704,33.87148320377567,116.53401896023551,137.18645636623324,61.74402552547262,82.9868634966299,160.309583163691,54.83570449914694,130.06067298272916,70.02626075600982,118.58179483454892,65.63706879970209,50.79963189124601,35.38063875403101,74.91124815170645,16.778937596474737,50.076403065301406,206.70848076331347,87.69556081501415,43.35493089889307,79.41641663485282,68.35044335359896,143.37886842076452,158.01509204328724,34.4363015935055,179.47293262610202,44.327423370995675,133.46779635769028,118.04737780299912,336.8618888385403,117.9252644886761,69.86929450589878,47.53339628498199,102.75491475094069,58.52852764859131,46.788982569735325,71.25100982650636,110.13286078673566,139.21482830108522,49.25300544315989,174.59854652408566
20,87.5053131265555,82.86344056586918,38.02856339633901,46.99731039361901,117.35178542287059,84.57371183023879,82.07334549031344,103.22494842494362,61.158333446413316,46.519144985332396,163.14200990745834,68.83335027972147,65.88437611781916,102.606403519379,47.17270223449947,51.680612702953624,39.64380010024343,120.25044789356092,91.63749318042768,38.345236027456316,88.87687816935978,36.03305063977714,70.14419422119406,69.58754069656732,169.27944521599284,92.37572687899006,109.62710241983373,69.15178241046245,119.3517242469481,60.39475907751787,121.28959049654061,23.126464528617383,126.99468911333325,56.08992413733006,132.8710948167061,370.31765333802014,34.4164692286918,122.5324848414354,141.1345963332759,62.03736231871582,83.0652706928558,161.00288657125685,55.44874113750938,130.60209388578792,71.45067608977605,133.51480035026222,67.53108272823293,52.726723443771505,36.20800696911141,75.39595530918534,17.371026530121036,50.844385188100375,236.25491488705282,89.29425529411148,44.91027118513506,84.37999564157248,70.94931574303149,164.34980074182593,162.57545990565598,35.250227869398465,180.09654681127148,44.818509813691314,162.70419303889537,123.5910788402046,341.66580505657305,118.58575713309996,73.6484952836472,48.27782626665879,110.15889422428285,61.81971838128117,59.17867881697951,72.0537956122415,114.02413524755396,142.80484876368254,50.18671085812302,178.32819957150775
19,92.41890596518601,86.97286198903282,38.97295861280602,54.36417471134878,118.03644921105557,89.96023497510781,88.55759212524524,104.72293558267583,64.95386244622009,48.196439551779676,164.9652747222268,69.22392377423753,70.0592499962322,106.05380999869116,51.04631037973207,55.25782997944371,41.09757610705531,120.9932355003383,93.5199787016999,38.63573671588093,89.47389220687981,36.957326917400486,70.77586350011029,116.13074664608234,171.27584543258163,98.83144528042901,119.53087224974604,74.85623136705104,123.18012818213921,60.90020758804948,122.0844231670388,25.367315333898674,133.51433850594728,56.420832820032224,139.93002496579516,373.97392422016577,37.821191485595506,126.49312340705768,156.11575694136383,66.84877535330125,92.87044969573273,166.73608784539974,55.65302119406503,148.0642644841567,72.35700131475552,134.1982332266026,68.23713830087732,58.209411513546335,36.91108137888861,78.67401971428542,17.710224527179445,51.21425561308216,277.24535819509725,91.41903275893054,45.108493641376,86.12403927362729,71.52966910238398,171.49553366867025,170.9980040007498,40.279345548763935,184.16552467576255,45.260688468824256,174.58024953108423,124.30143381104648,378.58144890216596,122.83026794198061,74.50265905260908,49.008385504844135,123.3939360209131,64.34917949808138,59.615577753769934,74.28358479093461,131.03187860741335,144.49389363507186,50.75455309145792,194.66777186154022
18,97.43963330283712,88.625512963814,41.12375809983507,55.84936862152678,124.25646961216574,90.33942872370767,95.728669994809,120.43055059502682,68.33604934397384,48.512860192911106,171.27782374902483,72.59601558425364,73.87223835070587,113.53521900310857,55.81914537386088,66.25953947244541,41.18631804850442,128.80600202486545,94.92485966644286,41.109159877107786,104.46992897879544,40.2071340380809,71.9413150540812,116.96406161279731,176.26676259229725,106.30642471420333,143.6671318947312,76.04281637016935,126.84766995425728,62.31104874715163,122.24880603908254,25.80936539772555,136.23819179816016,58.8482187077522,144.97228577914512,383.4232258044187,41.77432330474963,127.963882420503,164.29312046594185,68.3007861954071,94.3369016364056,170.68011723484202,57.25531755309168,298.00795913347173,73.69521938804391,138.93232240440193,69.04194676662516,58.8300953669649,47.267973210846776,80.41732097266514,17.843132933507874,55.36536524567366,287.10613624858087,93.2786648315009,47.11919219312984,88.47394805643002,75.28704798886913,178.21228718527158,188.35260530191562,43.75893582417402,187.11576965130186,56.71812137379713,177.363538869647,125.15378498707808,447.86260277056067,123.92943703735398,98.3200772108409,49.17069277999827,126.84060921362756,66.25873358056523,61.963968185938405,75.90515273551821,131.67366022067046,145.99261885160988,51.0368789381525,217.7367253469253
17,100.5536866632364,90.14266509488378,42.3805785961575,61.354354240711075,125.07826818042419,109.3541585120737,104.27940202586132,143.10347485576924,69.22189852236657,50.96709477342626,174.6375755651527,74.00118228935969,91.56919291439002,126.21417294478796,56.981704113981436,67.23524906634138,42.72756969327894,132.70405158243872,96.50371626730404,44.762283416183664,114.3959978095525,41.104559626112085,72.13556913339794,123.2179210674095,197.4339043146181,116.04337712379628,150.66955670001343,77.54078906049921,130.98782188137682,64.58434957110792,131.38755831656158,27.102574795234517,141.4165294819627,59.24240397165172,145.1915901520314,387.8962069393743,43.54138187962089,130.51368114943446,164.52262677571017,75.11644238113985,96.64325053205282,174.8379656999915,62.639780217192346,357.27939531760643,74.89368034858006,147.24353946864605,69.78575179683698,66.59704364730025,48.277105298918706,81.48190878653853,18.215463473248338,61.903360347240806,287.3627344041537,94.74156748199476,47.722351977829945,89.33552427497936,80.27094824517614,179.113588781227,189.6420341473871,44.523230018902005,195.0497956994934,61.91434147695933,183.6471461443486,128.2865065820143,476.2041342466799,135.956067230229,103.87598784014492,52.60903838118936,127.74541677484424,66.82895971124812,65.88525457162665,80.97153252871215,134.6276355005329,154.68543190090148,51.87091229336975,232.24740518397496
16,102.87301739824741,97.47374828982225,42.53816028294057,62.898793719112454,144.3648985788854,118.92470248610854,105.85381245754,215.6111043565545,70.61086298769926,53.628120971869805,188.59214743464852,91.0424260584554,93.58991563938936,127.35842256890491,73.18917724356287,68.17036491644384,46.8323827199434,138.01166497235602,105.21759963031732,45.538371741091844,115.77152103636392,42.4169783036661,86.44406234579209,133.63876441096392,201.016022074998,137.61200483147095,153.29911636028118,81.91506790927089,143.38132380374063,70.32107669384168,134.24422519234278,27.94087398518406,142.12982020663534,59.767120147295245,154.89007142259644,453.7634476450584,48.38335557142092,148.85098853117304,180.97362084488736,76.21530925257117,112.4305267831631,188.82336513069754,64.23266711637186,363.88937248810817,89.2802666091291,157.1655106873521,72.53044133932896,69.27608914196543,51.3987384811436,94.66831594121831,21.502222145156708,63.51504205890918,295.3548586592039,112.82906086927517,47.81272765965694,90.09136175955604,84.37373685853214,191.57147426632665,193.99021838592915,51.17021408535905,216.48196045038526,64.59506904716417,184.4370081554531,162.78889188457745,528.3735607738058,139.01915926238684,123.17013959844058,56.937748177012274,131.59122061888385,68.63482645555712,74.33193030208427,92.97148239022852,136.8924374733839,165.674839638003,52.23425446182129,233.84572363166163
15,110.63551564807328,98.4968694408524,46.15636498682313,64.11012520053104,152.44823757676937,123.60726243480636,106.81177038391336,229.16538455077873,77.80291179285808,55.081741119461,204.01441653272337,94.23536694543506,96.98643397233525,128.02513896925205,81.45596453686271,81.47852137594278,47.38669523168685,142.99267698449057,105.75764410909088,47.46674000917319,116.78382147548687,43.75303952530836,94.28285317028968,176.80451407308516,210.1916455860653,137.84294432828196,153.78297795006327,83.83357234730404,151.1022648943449,78.703037110836,138.26499280402354,28.60667826267934,144.01888877182483,61.09247577787082,160.75027094220454,458.93787938228814,51.289214101274446,151.25200897147786,181.9004961970137,76.80011210387812,119.31537167799698,191.9627239015222,65.73422063416696,370.9918032081704,98.54342152450748,176.4823765555666,72.71657686949177,70.53581503138291,51.929337180206836,97.02263710984086,22.18974767153931,65.38265655409147,314.6316764940038,122.02697886554469,48.02376190574533,92.29061881789389,88.41686793977006,198.9700903608281,246.4424017163242,53.12970911710634,218.85652447871317,70.37751087521517,185.57208494250713,185.59650807710264,546.1856069531642,151.65518237073553,128.50310246419113,57.30502375844394,133.2530204762182,69.55483275026714,75.4429582862832,96.7485216386588,139.87184442078032,172.76679644589586,53.563777754907804,236.3820789815174
14,151.21125021563856,99.45102294557451,48.70827612348043,64.26791748413936,160.5873000818186,137.884819239362,107.23245289381103,233.95074188476195,82.13134696389966,56.236108467335555,206.8971535183558,105.98999158720416,109.11326777888873,146.22347727557423,90.69666841119151,84.12952174300437,50.17313297201141,143.33936396056578,108.09888544665822,52.78703086405848,121.67125995083455,46.65485152999106,136.756966508488,179.5751090958175,227.4844011374652,140.01324596503952,155.3256799584461,91.93950766006928,191.21864688229516,80.96045264652628,143.13689297816128,33.722636832206845,144.33687298404158,62.54893077049518,160.9541280627709,482.0267898290467,54.819468383451984,160.14912463077073,182.65197341598983,79.10480180055634,125.33519951795202,210.24092129504766,66.26540915777287,436.56060347560197,111.38106137109281,181.80592998344108,72.76256852468128,74.34984640691928,53.22078531964079,136.9056190389198,22.796690672499604,66.24813011772547,356.37941828360135,152.4231656368225,51.73324384508252,97.32268813697632,94.20697189343757,209.6588767497542,250.17523088388288,55.14047060296499,244.93410224649043,74.87162703279141,195.50344868267996,200.7942929919306,562.2791680524666,155.32980120576485,134.04192414093882,64.1343087380283,138.67067455223923,70.5380659582618,88.30405202158825,102.65168542967321,144.1410130475946,181.06448338867577,57.64194149671131,247.3909753831017
13,158.04984168325308,111.39967294917558,49.835341560861394,66.34518462496894,193.8754749004014,182.40974169517085,107.98838950301203,260.0110641778048,89.06228768657395,57.45042120154226,212.89453583923589,110.35347236264677,112.45840963149715,234.99080084170672,91.87463781958384,85.57514669007311,64.34691437582168,165.42774114841595,188.5833388718796,56.00240518449547,130.87462064604347,53.47725894217863,159.87663073645345,207.1456465553751,234.49478136929298,154.47189791627426,155.7661472579747,94.30347319447223,208.42105579412026,82.76639047271799,169.541328570803,34.44446056615053,148.10903588969552,63.42537354515245,161.69119112632427,901.5999706175608,60.949126119574935,169.0816019781796,187.39443294245274,100.98064790083815,133.73842417773534,211.81913036772582,88.19078516964251,523.4159926095821,113.74096750917334,188.5552558485101,72.93531904321645,76.01023955479417,54.67094282743688,137.4691865576524,23.116814617103298,70.73494587257831,383.8540041782401,157.8261268303354,69.16736478945737,102.84567581707331,102.14564026595477,235.88379029233994,252.3874592243248,55.791876416283195,264.9903854898146,95.57298900792934,207.8479498050988,201.66916669336814,580.3651364466841,171.9064637307854,138.530646924698,65.38637878399143,141.2247635588524,85.5156926571757,102.70438867890722,106.8150977207649,149.4567257904932,183.80200346330233,58.01817056466413,263.59251553834974
12,174.68639269381495,124.38990237858356,57.53533347184359,67.12183213066481,211.22241978932956,185.26712583583688,114.14151267092133,277.27447136797736,92.23733786250523,58.52094956671674,217.30226947616745,116.433582023673,115.93803977094638,267.8160581694619,100.03253763384416,86.11294041753982,65.19986796508157,198.3722562602169,191.21612693857128,61.71697557527836,154.4126658292398,70.9113931590856,239.97074920163968,238.64224714715337,236.89997288192868,189.2630498492849,168.72552088749185,105.56966855852374,212.39254017126956,87.24193338497777,171.35474510465136,35.43361064909391,172.58886457393396,78.796963454496,162.97484921666182,910.8520403362173,63.41838730644764,173.70759480616866,193.50409328458494,102.23696338902265,136.84583538396313,214.16502265582207,92.47563135406874,538.1668815691453,116.03656956505483,200.02204323017543,74.30117801568504,84.96540395040982,61.381554063421476,153.74702783126756,23.2920474911792,100.8925861705591,573.7279380191736,193.59921396041307,71.07478951039441,115.9030642961916,105.96040038166717,263.53371678803757,256.9701598905703,57.93117722164116,267.9309396269904,96.7616266585072,209.25772402960885,205.49231560059985,653.0648139759631,174.02140855849024,149.75490674014165,106.80402327942869,143.5371225783195,105.63029338386853,105.03851188405727,114.07521626245821,190.24651650085642,196.6323817718644,65.67777039741131,310.0428481564702
11,187.22392507769052,129.10838702402287,59.62552885849116,67.79721116741229,303.5727213302669,190.5599730142266,116.19143432022808,299.94509973213064,105.62819419876554,61.900008573866735,297.1360725384976,129.21677387530715,116.82333350125701,269.73108097535044,110.7383180770533,87.34902272456102,70.00827674953432,331.5066768435973,196.3650561700028,63.68672535858914,168.83141976822412,82.29456482044873,242.87699187190452,247.51895592237386,240.55775295404263,223.31898225775097,173.95948472058896,150.77292934145882,226.4947695087116,90.36129442204762,175.17226655352195,37.62143112101085,222.11566763912143,80.35797326273929,499.1411811007417,1612.234808334558,80.39820585276854,182.43981903553956,221.81066033330413,108.48580053071323,153.02540750416435,219.09079182488588,93.80370890793215,565.9593856257419,128.6139137587443,247.37521225737183,77.0952959107625,87.76042294752479,68.87807402747468,157.79078294252773,23.849278034137154,101.82933617302605,620.2467274383438,208.3401719894124,75.16562846353366,122.54317344876073,111.96822745727232,331.38179057536433,284.16342697703897,70.84299225148582,277.6984793283521,98.01273877998382,249.74604349563387,212.8928314712388,962.0929857923436,189.61895628167312,192.66775510362314,125.87340324008599,185.2306442708631,107.43737669291887,106.6801017121128,134.79632478406108,195.78667559730806,200.01407415192796,68.86616877183839,329.23650516396594
10,193.5418724169793,133.79231998056474,64.28335651429934,71.34110668280717,391.9417257266112,215.58606702666734,130.05734787726254,322.4045102542986,108.33484434896657,63.372490953556856,311.2395966559369,134.24944086293388,158.79102052200295,276.32351747414987,113.43907151099842,88.86708851412084,76.57995772979842,353.61759439482034,228.26282775083263,65.49475351571766,175.17687521933695,83.62551262956283,251.41309256250767,315.7337537866789,260.46558757233163,260.0178317616938,236.18238142639947,166.17465257097393,316.03726810723134,93.6084960327188,207.1170584908212,43.14583728241994,246.07230202076562,115.26077324424276,616.7483404329806,1776.3971087844805,81.77398311599292,185.04461219469803,241.67266517599714,142.69393092466186,187.5810414995898,258.31286831682075,106.58826359083804,622.2614652323241,164.36820578369884,289.9277766941287,78.3098328016904,96.59961299864018,87.98280771176448,159.57224811967103,28.736822731013653,114.75540061273705,647.5542352384654,226.00333641626918,91.33546601941238,125.08620340534782,136.25309066235923,432.1794562494301,284.54330409338195,123.48568958200948,302.8597029205632,103.76080967085886,266.4182114691904,225.04951127211612,1302.556390867339,211.83474490554977,195.77700650766988,136.2917828348252,194.04788195072894,132.3121936192399,113.72317627489588,135.67471288608283,202.66995769769161,256.6223031049817,73.92258251611105,352.40677728485315
9,208.43016288468962,138.81298025240724,67.21211203183817,74.95671569014789,436.79606567694447,219.55902647349012,132.45961275783023,432.9980843936783,109.23631626193517,75.70098424888148,328.66386011069915,160.96877330360502,196.9337893063732,340.83655852164736,118.60148219182948,92.39931135000495,79.46897255554019,403.55402935704586,236.93684391131526,103.95300366602461,204.49010441892807,103.76161809649797,291.6358596468329,322.6286151938038,311.5728136053665,291.16023823081184,255.68402487094764,173.7890582248848,332.09269608651084,134.82376724544744,319.7371971176048,51.535814634834516,348.7576106113008,121.3082696566467,640.6179030468616,1904.478848237588,85.88760021715888,199.34905050527396,342.9915167405591,169.5434214036253,201.76059492721038,345.51134320390423,211.72392020976486,655.0121314836625,179.6055236557559,343.4440818479383,88.16440290553358,102.50554519805502,178.67671676433287,256.7119547496446,71.92870121426596,116.6750000330475,685.8245451010847,340.530621296662,101.79364328189378,131.63098026981103,164.76106983825778,508.0243954485441,297.37366433531696,125.47951125043797,315.73919970219987,104.69556790813228,293.4439775608077,279.3954847708088,1374.4175746905812,500.68525796547175,235.46452989435917,170.42850286962735,200.33665741444014,151.3752947986812,152.1156577707925,137.41447429660371,220.69236861760646,263.61449471502686,74.41284286627162,359.8012437322268
8,216.33113211750967,171.19960501586309,80.37732858210357,75.61622947174405,468.76084989825335,220.94624262961443,136.07078617257946,436.8983436882167,131.55871963663859,77.05349882900529,343.9522482361533,162.67007060501857,209.90681705570225,345.553359852556,125.00658768953654,93.59281422268266,82.52349654055864,458.2104598879796,254.8921068641675,125.24543005478556,279.4811252066616,107.78559819876702,293.3556691389113,349.48039973542154,361.94623295049,430.3130991391677,285.26891684634194,184.37103205053384,466.4286916766954,154.28849351309842,325.7904720599957,70.09167377519046,359.58343353949306,132.60073695519173,670.2475583406784,2016.067512751696,109.19622301006596,210.9680767251691,389.4448815173978,181.8602364089266,261.42639266515806,469.97018722546926,228.2642787435638,682.3213723848598,186.37968703183077,356.67037774859284,90.79062061909295,105.25387518524643,227.65817557018423,258.79556145248273,72.68771116251588,124.17082861216278,988.2576831666985,355.05196905259027,105.88053236107042,161.57257744891686,178.17830724317028,564.9013474860888,322.6286254240322,126.73956021150121,318.45793089121736,113.39062058338118,295.68135099320614,285.29167097050487,1409.0071060667003,507.52187615509956,277.10088543830364,264.4825032363148,253.35199470402128,153.4656404590976,153.9349995394282,141.00618807392564,248.83126463392335,274.78543532064765,78.79711532919558,377.169359552774
7,290.27821310960326,471.1872519667217,83.61223624966487,86.48928490602138,587.7375922452325,255.76136961190218,262.61678825458154,821.9590826470398,133.81501570055755,84.32664842698188,429.3672779943641,179.4774821761105,298.6582082511699,364.38467049393904,129.72804405788509,171.58010276409735,85.38620213879548,472.9223388392707,276.37649381396807,146.8206063443879,293.2875421004348,245.1850732033811,314.97013719581366,365.74931913620435,372.07225305218554,496.8255477406427,297.87597000697315,217.76875653123554,499.2290086773433,212.18260578627485,369.90464718429024,74.18017713592096,516.4613789557072,166.90123645330053,713.0146307901051,2281.8998884426514,117.90568575686427,314.04697004072284,469.2847885215197,194.82517503666884,277.6870904703404,496.235345155578,264.75885612041117,774.7641798087195,196.155591764817,389.53247406670346,138.25024685952496,116.17029391863082,457.1130471710612,310.78800634577397,83.2285652550586,137.60253736362554,1427.4758161016664,424.10913182714967,115.00417638442961,230.65298319769715,214.09503372108603,646.7799466365193,330.1861825241976,128.78638747735386,577.5349916552544,127.27063262130413,315.708912131849,288.13299405977097,1444.8184325657924,514.0350101562578,472.6666988763048,288.78653892078864,490.0844116538476,192.31521216187983,156.8860175914672,184.62326316632752,418.17542941876627,321.04109560237015,105.28971772056079,546.9104190020767
6,378.95708545572825,625.8912833519539,104.99495502595866,87.25708194951235,712.6741929555814,303.5456970590031,304.74350269783616,1188.2237063016676,177.1468037441165,95.0059471558172,501.763273006632,249.3090812846922,305.77212963366316,396.34271128111067,133.93512549290054,270.36355739817475,127.26645718245575,571.1645608952433,391.19641723385877,176.2121362832013,388.9582573470344,275.22033532205495,337.2406809060749,551.8873863556006,386.3543099156936,594.3555023698652,314.6293938989853,293.89547039082964,630.1326464390278,305.68203938690584,617.6238097186325,84.38613901362123,543.2488146156626,256.5872682072641,730.2274698711936,2816.330080201416,147.25627241601964,326.4926940567564,508.80874876306285,204.90689364016723,305.54645706945445,533.9634731355291,266.4315377334885,1072.072650499729,206.19902277678116,777.0476668905147,259.6157096367601,127.18751370771443,608.7893103378904,507.8901349594411,88.87074980148394,276.7313661036283,1531.324196830865,580.8027928750752,145.87784640515667,235.2268310813386,461.36307430974637,704.5105099270038,478.07481615843585,141.74360763530572,605.5193557491203,172.19794144691,381.14530890349903,316.3301824735561,1740.7323297547177,624.0758813231186,636.6427871749675,321.7257718622312,533.8885484575874,197.41527253668787,196.32487073634871,191.7446446660282,458.9824218151682,426.24543942560314,140.9163046204525,726.0821488980855
5,530.3667101211242,737.0984632909827,118.47626318501736,91.3722520165522,1066.8779419570546,406.6995044207308,409.8269188608405,1752.6356278056617,288.9720956970501,151.0413429112587,548.6292707626477,475.5650387009467,332.61249345702294,522.9521767079312,143.91630996553803,347.4219358457903,138.21312888069335,783.6473686796453,404.84237372110795,195.69279379055484,414.226436326591,349.72663403918466,669.3726555382026,724.0125265161919,402.5457593507613,908.3809031864912,424.48679841732394,655.0281092784663,697.0746708514354,370.90122184255347,667.4965058279048,87.88185608509397,556.3458083564175,264.9689494415146,1578.4750488595055,3188.3474948636776,165.07781571256282,372.07279334099496,718.7248446224954,303.8147886583906,469.7714276192766,563.0852775666152,304.3707380553634,1577.3401225640632,209.9019924947702,1046.5860211036447,281.1503257458746,396.25213533828196,702.8885867303032,596.5748460393644,96.5393521468218,297.9001428551408,2604.9117387824936,825.4584197606786,306.4548610297714,374.9601545082641,743.6645104312978,915.6791655460419,482.23728631028797,148.71829615620553,644.430737342421,186.6743312710995,393.31308863215855,503.3440217354352,2314.3718263092665,745.233748853764,859.7064708230139,375.7190699065845,742.7974544359715,546.6325073967506,260.0247527762927,239.10019586412992,476.3512358583012,449.50193121294893,197.36506739597687,748.8704967444214
4,610.7290600220268,1150.6548381991258,167.06238494288422,161.9980370462083,1138.6653172205758,693.0512825486027,660.6895375194088,2317.789450339046,352.7287307278254,288.0025406087377,646.7065831540966,531.773052132476,445.0264954012647,554.6704897915307,150.61369039720321,380.8977943560185,142.49528025004085,1036.2941063378871,461.2849783272949,243.2228579426893,1046.395962554875,540.5677948174241,850.7196893046854,1067.1631972684913,504.6088830258849,1145.7751378603166,1050.2619180215347,754.36706090677,1168.577586540565,414.6314004443201,841.3208818658572,193.03358713392979,1341.9105045758856,272.2158590561462,3634.5558762168125,3406.070836702002,417.77331309827235,622.485649869237,855.8692635292767,358.52311623900073,607.9659875808858,608.2503174892945,762.0487820028394,1626.1190696192814,328.8087835180098,1105.0823620977303,472.79733952468376,983.4256649458498,826.4188648857976,625.8431226836436,127.52013509120214,474.56032296184554,3071.290172949332,2262.811586757142,421.04997850830114,625.3154056274423,986.3007698598146,1182.1899226708654,530.2480644817874,179.83893301671358,714.6505140543393,643.349783614632,452.6819253898679,706.8473860990188,13529.115877845396,1093.7799266277232,950.7281504202444,428.9607497056788,1098.9818487943253,1834.5332298574554,295.545945196844,570.8509235233371,686.8952235093855,689.3140570973062,229.75233406518169,812.6667926582575
3,756.1855145767121,1620.5595911224073,489.8807383108627,446.4196584264759,1367.7717730183863,817.605071378957,1896.4816778270624,3249.100463725938,672.6091792565253,607.015607631076,1114.1206969336336,1037.5739486135808,665.0379714588565,825.344954911278,517.6590966008163,438.800498384149,470.4660724927816,4794.358447192973,911.2857226026689,358.5243154641478,1368.9360020620707,2422.7479380383206,5303.522817472325,1536.3601623088903,1009.8438467093405,1749.6550732276992,1809.4071790505766,1031.5885413490228,3273.0688850106203,902.4648478703178,1552.4289200766773,206.96487374867576,3040.8512180286766,486.9973470553563,4552.005073647408,4233.154573498929,808.4713021274769,1496.9593501130046,1894.4866574699192,957.6815167625263,706.8499795569908,691.9636133816227,880.4249434986575,2778.7462671423814,687.6893245480203,1711.7478294121183,1094.1183481594137,1272.8065662013682,1030.9623275602228,701.3720801664724,233.15455360757127,654.1557432717682,5786.744825423019,2596.559576594438,1442.4801896826632,1106.1032339239907,2328.7911412640015,1280.647678243828,4981.481227370712,489.25526882983513,2031.0435299346886,821.640324517859,1291.928855810865,1464.4448879119518,20288.83579442557,1517.326605886527,1899.3890007066907,721.9235115998117,1448.618092107519,5165.150196322297,787.1524198236882,1177.1283909473314,808.4221841260628,5546.214856374478,347.8880052462185,1879.4707916851903
2,1143.5075561220037,1748.7160895845202,688.474806605135,556.0270540073204,1698.2160362533152,1384.5660023676805,2881.6638678496665,10024.296900089746,1417.3409087604873,979.0884858510523,3367.5443762724967,6892.192508950546,1497.9588562876393,20181.586701758537,1572.5977697424453,1030.8753759569365,738.8618044656035,10234.7131095548,7266.354264246798,1099.2956252034903,2732.792952744526,6970.187610138861,10942.17096533721,4472.488984834045,1931.9957203622173,4861.513620516215,6419.745914087758,1622.688777278947,4911.920550309599,1653.455071668889,3136.675241429481,3016.500133185428,4949.273743324883,1007.3162081825114,6270.966431271075,6575.113692030231,1746.7118294773352,3540.4232566211895,3464.8175862753715,6215.378663042626,3353.8754502137895,1948.3276626018173,1183.976139541279,6503.919794218439,1089.7409286767102,2527.383107383267,24036.291627423532,4564.689974775181,2034.6493274020968,15326.819012249625,1504.808994980871,863.8643583698761,9278.890248088444,12758.360782462833,12926.194198745492,1775.2099968545278,3113.269713541402,1378.913194029795,17709.57303103292,11012.540443093456,2736.5690323328176,1017.1327743778461,3537.3227302508144,2769.867182805669,62939.644386891516,2631.5736506201865,11794.857055071325,7950.930105585654,1693.3158716789073,12581.055902686674,7221.5241948024095,4211.7565225966955,1291.4561944336797,13508.28793879328,583.8186514874384,8502.964118578557
1,7919.008201590974,40561.82818840687,10032.634601288688,11784.978942305,15891.022013796464,5633.814220570144,933974.7215052567,44245.446953495644,8394.836387050012,4217.772949451162,8152.2956878547875,21439.413940278264,7407.935369832674,341684.590620517,5524.613319570228,83319.30202312529,5007.977931078526,34768.62054353664,23698.113842019426,16772.934939596733,7032.920618115787,504038.7491369892,27619.051124875958,17449.24342164569,8218.625088199708,26095.359394980427,55519.25522624617,144728.16131760826,194653.2357480294,8712.080492008286,7533.755997197298,29977.755105427015,70425.33721339141,2488.4154314558723,23943.489500800224,594693.5593053389,64709.79696687303,291030.6466888416,29454.02380688547,592377.2214163619,58925.021221182644,16133.53671456255,13526.134929771282,42885.179407399344,10212.483679012963,26789.537324444955,195308.1595597076,20570.825593232028,43021.51065985306,106623.65858142822,2522.678695703175,4880.19222664852,143217.35264414828,302661.19084641826,79195.50895052626,18628.629199604897,30479.035248530723,43001.383606515294,103214.78821175237,104767.35098672853,126943.71090785347,15932.017812551601,64789.18618010223,31125.618595371474,299921.3618140677,20179.475652504778,26558.855822429396,139881.03648893288,5927.211544152184,83259.16374077096,49742.274340224874,102938.78223413257,2325.9685174809383,356525.8724904378,176500.04301348314,99907.00752425696
